slug,index,Intervention,Time_after_intervention,commits_count,comments,amounts
100devs,-6,0,0,0,0,0
100devs,-5,0,0,0,0,0
100devs,-4,0,0,0,0,0
100devs,-3,0,0,0,0,0
100devs,-2,0,0,0,0,0
100devs,-1,0,0,0,0,0
100devs,0,1,0,11,0,1
100devs,1,1,1,53,14,60
100devs,2,1,2,3,1,1
100devs,3,1,3,10,0,20
100devs,4,1,4,2,0,1
100devs,5,1,5,1,4,6
100devs,6,1,6,0,0,0
AccelAI,-6,0,0,17,0,0
AccelAI,-5,0,0,73,0,0
AccelAI,-4,0,0,8,0,0
AccelAI,-3,0,0,6,0,0
AccelAI,-2,0,0,0,0,0
AccelAI,-1,0,0,0,0,0
AccelAI,0,1,0,0,0,1
AccelAI,1,1,1,0,0,0
AccelAI,2,1,2,0,0,0
AccelAI,3,1,3,0,0,0
AccelAI,4,1,4,0,1,1
AccelAI,5,1,5,0,0,0
AccelAI,6,1,6,0,0,0
AcheronProject,-6,0,0,19,0,0
AcheronProject,-5,0,0,2,0,0
AcheronProject,-4,0,0,19,0,0
AcheronProject,-3,0,0,52,0,0
AcheronProject,-2,0,0,25,0,0
AcheronProject,-1,0,0,8,0,0
AcheronProject,0,1,0,0,0,1
AcheronProject,1,1,1,6,0,0
AcheronProject,2,1,2,5,0,0
AcheronProject,3,1,3,31,0,0
AcheronProject,4,1,4,10,0,0
AcheronProject,5,1,5,18,0,0
AcheronProject,6,1,6,2,0,0
Aletheia-Data,-6,0,0,0,0,0
Aletheia-Data,-5,0,0,0,0,0
Aletheia-Data,-4,0,0,0,0,0
Aletheia-Data,-3,0,0,0,0,0
Aletheia-Data,-2,0,0,0,0,0
Aletheia-Data,-1,0,0,0,0,0
Aletheia-Data,0,1,0,40,0,3
Aletheia-Data,1,1,1,22,0,0
Aletheia-Data,2,1,2,5,0,0
Aletheia-Data,3,1,3,10,3,17
Aletheia-Data,4,1,4,0,0,0
Aletheia-Data,5,1,5,0,0,4
Aletheia-Data,6,1,6,39,0,1
AlmaLinux,-6,0,0,0,0,0
AlmaLinux,-5,0,0,0,0,0
AlmaLinux,-4,0,0,19,0,0
AlmaLinux,-3,0,0,0,0,0
AlmaLinux,-2,0,0,0,0,0
AlmaLinux,-1,0,0,1,0,0
AlmaLinux,0,1,0,0,0,1
AlmaLinux,1,1,1,7,0,2
AlmaLinux,2,1,2,6,0,0
AlmaLinux,3,1,3,26,0,6
AlmaLinux,4,1,4,58,0,0
AlmaLinux,5,1,5,15,2,1
AlmaLinux,6,1,6,16,0,0
BRL-CAD,-6,0,0,13,0,0
BRL-CAD,-5,0,0,1,0,0
BRL-CAD,-4,0,0,17,0,0
BRL-CAD,-3,0,0,0,0,0
BRL-CAD,-2,0,0,0,0,0
BRL-CAD,-1,0,0,29,0,0
BRL-CAD,0,1,0,3,0,3
BRL-CAD,1,1,1,0,0,1
BRL-CAD,2,1,2,0,0,0
BRL-CAD,3,1,3,0,0,0
BRL-CAD,4,1,4,6,0,0
BRL-CAD,5,1,5,29,0,0
BRL-CAD,6,1,6,2,0,0
BioJulia,-6,0,0,6,0,0
BioJulia,-5,0,0,0,0,0
BioJulia,-4,0,0,15,0,0
BioJulia,-3,0,0,0,0,0
BioJulia,-2,0,0,0,0,0
BioJulia,-1,0,0,0,0,0
BioJulia,0,1,0,0,0,1
BioJulia,1,1,1,24,0,0
BioJulia,2,1,2,14,0,0
BioJulia,3,1,3,0,0,3
BioJulia,4,1,4,2,0,0
BioJulia,5,1,5,1,0,1
BioJulia,6,1,6,1,0,0
BirthdayResearch,-6,0,0,15,0,0
BirthdayResearch,-5,0,0,4,0,0
BirthdayResearch,-4,0,0,8,0,0
BirthdayResearch,-3,0,0,5,0,0
BirthdayResearch,-2,0,0,11,0,0
BirthdayResearch,-1,0,0,2,0,0
BirthdayResearch,0,1,0,9,1,2
BirthdayResearch,1,1,1,0,0,0
BirthdayResearch,2,1,2,2,0,0
BirthdayResearch,3,1,3,25,26,17
BirthdayResearch,4,1,4,61,0,0
BirthdayResearch,5,1,5,9,1,5
BirthdayResearch,6,1,6,6,0,1
BusKill,-6,0,0,1,0,0
BusKill,-5,0,0,13,0,0
BusKill,-4,0,0,2,0,0
BusKill,-3,0,0,80,0,0
BusKill,-2,0,0,10,0,0
BusKill,-1,0,0,6,0,0
BusKill,0,1,0,0,126,1
BusKill,1,1,1,0,0,0
BusKill,2,1,2,0,0,0
BusKill,3,1,3,0,0,0
BusKill,4,1,4,0,0,0
BusKill,5,1,5,0,0,0
BusKill,6,1,6,0,0,0
CirclesUBI,-6,0,0,0,0,0
CirclesUBI,-5,0,0,10,0,0
CirclesUBI,-4,0,0,32,0,0
CirclesUBI,-3,0,0,11,0,0
CirclesUBI,-2,0,0,25,0,0
CirclesUBI,-1,0,0,0,0,0
CirclesUBI,0,1,0,0,34,3
CirclesUBI,1,1,1,3,2,1
CirclesUBI,2,1,2,0,1,1
CirclesUBI,3,1,3,0,0,0
CirclesUBI,4,1,4,0,0,0
CirclesUBI,5,1,5,0,0,0
CirclesUBI,6,1,6,32,0,0
CircuitVerse,-6,0,0,0,0,0
CircuitVerse,-5,0,0,0,0,0
CircuitVerse,-4,0,0,0,0,0
CircuitVerse,-3,0,0,0,0,0
CircuitVerse,-2,0,0,3,0,0
CircuitVerse,-1,0,0,5,0,0
CircuitVerse,0,1,0,6,0,1
CircuitVerse,1,1,1,6,0,0
CircuitVerse,2,1,2,2,0,1
CircuitVerse,3,1,3,1,0,0
CircuitVerse,4,1,4,19,6,1
CircuitVerse,5,1,5,23,42,8
CircuitVerse,6,1,6,28,19,6
ClimateMind,-6,0,0,10,0,0
ClimateMind,-5,0,0,1,0,0
ClimateMind,-4,0,0,15,0,0
ClimateMind,-3,0,0,13,0,0
ClimateMind,-2,0,0,7,0,0
ClimateMind,-1,0,0,9,0,0
ClimateMind,0,1,0,4,1,3
ClimateMind,1,1,1,3,0,0
ClimateMind,2,1,2,1,0,0
ClimateMind,3,1,3,1,0,0
ClimateMind,4,1,4,17,0,0
ClimateMind,5,1,5,1,0,0
ClimateMind,6,1,6,0,0,0
Cloudbox,-6,0,0,18,0,0
Cloudbox,-5,0,0,3,0,0
Cloudbox,-4,0,0,13,0,0
Cloudbox,-3,0,0,13,0,0
Cloudbox,-2,0,0,7,0,0
Cloudbox,-1,0,0,1,0,0
Cloudbox,0,1,0,0,0,1
Cloudbox,1,1,1,1,0,0
Cloudbox,2,1,2,16,0,0
Cloudbox,3,1,3,0,0,0
Cloudbox,4,1,4,0,0,0
Cloudbox,5,1,5,0,0,0
Cloudbox,6,1,6,0,0,0
CodeWithAloha,-6,0,0,0,0,0
CodeWithAloha,-5,0,0,0,0,0
CodeWithAloha,-4,0,0,26,0,0
CodeWithAloha,-3,0,0,8,0,0
CodeWithAloha,-2,0,0,30,0,0
CodeWithAloha,-1,0,0,7,0,0
CodeWithAloha,0,1,0,26,0,1
CodeWithAloha,1,1,1,0,1,2
CodeWithAloha,2,1,2,16,2,2
CodeWithAloha,3,1,3,10,0,1
CodeWithAloha,4,1,4,7,0,0
CodeWithAloha,5,1,5,10,0,0
CodeWithAloha,6,1,6,23,1,3
DeepWTO,-6,0,0,0,0,0
DeepWTO,-5,0,0,0,0,0
DeepWTO,-4,0,0,0,0,0
DeepWTO,-3,0,0,0,0,0
DeepWTO,-2,0,0,0,0,0
DeepWTO,-1,0,0,60,0,0
DeepWTO,0,1,0,69,1,3
DeepWTO,1,1,1,6,0,0
DeepWTO,2,1,2,0,0,0
DeepWTO,3,1,3,0,0,1
DeepWTO,4,1,4,0,0,0
DeepWTO,5,1,5,0,0,0
DeepWTO,6,1,6,1,0,1
DigitalBiomarkerDiscoveryPipeline,-6,0,0,43,0,0
DigitalBiomarkerDiscoveryPipeline,-5,0,0,16,0,0
DigitalBiomarkerDiscoveryPipeline,-4,0,0,18,0,0
DigitalBiomarkerDiscoveryPipeline,-3,0,0,42,0,0
DigitalBiomarkerDiscoveryPipeline,-2,0,0,7,0,0
DigitalBiomarkerDiscoveryPipeline,-1,0,0,7,0,0
DigitalBiomarkerDiscoveryPipeline,0,1,0,4,0,13
DigitalBiomarkerDiscoveryPipeline,1,1,1,12,0,0
DigitalBiomarkerDiscoveryPipeline,2,1,2,11,0,0
DigitalBiomarkerDiscoveryPipeline,3,1,3,11,0,0
DigitalBiomarkerDiscoveryPipeline,4,1,4,6,0,1
DigitalBiomarkerDiscoveryPipeline,5,1,5,17,2,1
DigitalBiomarkerDiscoveryPipeline,6,1,6,12,4,1
Enraged-Rabbit-Community,-6,0,0,0,0,0
Enraged-Rabbit-Community,-5,0,0,0,0,0
Enraged-Rabbit-Community,-4,0,0,0,0,0
Enraged-Rabbit-Community,-3,0,0,0,0,0
Enraged-Rabbit-Community,-2,0,0,4,0,0
Enraged-Rabbit-Community,-1,0,0,10,0,0
Enraged-Rabbit-Community,0,1,0,0,5,4
Enraged-Rabbit-Community,1,1,1,0,2,6
Enraged-Rabbit-Community,2,1,2,0,0,4
Enraged-Rabbit-Community,3,1,3,0,6,5
Enraged-Rabbit-Community,4,1,4,18,1,3
Enraged-Rabbit-Community,5,1,5,7,5,2
Enraged-Rabbit-Community,6,1,6,20,2,3
FedML-AI,-6,0,0,0,0,0
FedML-AI,-5,0,0,0,0,0
FedML-AI,-4,0,0,0,0,0
FedML-AI,-3,0,0,0,0,0
FedML-AI,-2,0,0,3,0,0
FedML-AI,-1,0,0,6,0,0
FedML-AI,0,1,0,2,0,1
FedML-AI,1,1,1,0,1,1
FedML-AI,2,1,2,21,0,0
FedML-AI,3,1,3,2,0,0
FedML-AI,4,1,4,12,0,1
FedML-AI,5,1,5,7,3,2
FedML-AI,6,1,6,3,1,2
FiguraMC,-6,0,0,0,0,0
FiguraMC,-5,0,0,1,0,0
FiguraMC,-4,0,0,0,0,0
FiguraMC,-3,0,0,11,0,0
FiguraMC,-2,0,0,3,0,0
FiguraMC,-1,0,0,1,0,0
FiguraMC,0,1,0,3,7,4
FiguraMC,1,1,1,1,2,2
FiguraMC,2,1,2,0,0,0
FiguraMC,3,1,3,0,0,0
FiguraMC,4,1,4,8,1,1
FiguraMC,5,1,5,4,0,0
FiguraMC,6,1,6,24,0,0
FossifyOrg,-6,0,0,0,0,0
FossifyOrg,-5,0,0,7,0,0
FossifyOrg,-4,0,0,9,0,0
FossifyOrg,-3,0,0,0,0,0
FossifyOrg,-2,0,0,3,0,0
FossifyOrg,-1,0,0,0,0,0
FossifyOrg,0,1,0,24,88,2
FossifyOrg,1,1,1,75,27,13
FossifyOrg,2,1,2,2,43,18
FossifyOrg,3,1,3,2,1,5
FossifyOrg,4,1,4,8,56,16
FossifyOrg,5,1,5,3,26,32
FossifyOrg,6,1,6,1,14,11
Git-Commit-Show,-6,0,0,0,0,0
Git-Commit-Show,-5,0,0,0,0,0
Git-Commit-Show,-4,0,0,0,0,0
Git-Commit-Show,-3,0,0,0,0,0
Git-Commit-Show,-2,0,0,0,0,0
Git-Commit-Show,-1,0,0,0,0,0
Git-Commit-Show,0,1,0,72,0,5
Git-Commit-Show,1,1,1,177,0,10
Git-Commit-Show,2,1,2,66,0,1
Git-Commit-Show,3,1,3,6,0,0
Git-Commit-Show,4,1,4,0,0,0
Git-Commit-Show,5,1,5,0,0,0
Git-Commit-Show,6,1,6,0,0,0
HashLoad,-6,0,0,1,0,0
HashLoad,-5,0,0,6,0,0
HashLoad,-4,0,0,4,0,0
HashLoad,-3,0,0,12,0,0
HashLoad,-2,0,0,23,0,0
HashLoad,-1,0,0,9,0,0
HashLoad,0,1,0,11,0,1
HashLoad,1,1,1,15,0,0
HashLoad,2,1,2,13,0,0
HashLoad,3,1,3,4,0,0
HashLoad,4,1,4,4,0,0
HashLoad,5,1,5,3,0,0
HashLoad,6,1,6,9,0,0
InfyOmLabs,-6,0,0,0,0,0
InfyOmLabs,-5,0,0,0,0,0
InfyOmLabs,-4,0,0,7,0,0
InfyOmLabs,-3,0,0,0,0,0
InfyOmLabs,-2,0,0,6,0,0
InfyOmLabs,-1,0,0,0,0,0
InfyOmLabs,0,1,0,8,8,3
InfyOmLabs,1,1,1,6,0,1
InfyOmLabs,2,1,2,41,0,0
InfyOmLabs,3,1,3,15,0,1
InfyOmLabs,4,1,4,16,0,0
InfyOmLabs,5,1,5,4,0,3
InfyOmLabs,6,1,6,0,1,2
IntellectualSites,-6,0,0,0,0,0
IntellectualSites,-5,0,0,1,0,0
IntellectualSites,-4,0,0,0,0,0
IntellectualSites,-3,0,0,0,0,0
IntellectualSites,-2,0,0,0,0,0
IntellectualSites,-1,0,0,0,0,0
IntellectualSites,0,1,0,53,0,1
IntellectualSites,1,1,1,3,0,0
IntellectualSites,2,1,2,2,0,0
IntellectualSites,3,1,3,5,0,1
IntellectualSites,4,1,4,0,0,0
IntellectualSites,5,1,5,1,0,0
IntellectualSites,6,1,6,10,0,0
KStateMachine,-6,0,0,0,0,0
KStateMachine,-5,0,0,0,0,0
KStateMachine,-4,0,0,0,0,0
KStateMachine,-3,0,0,2,0,0
KStateMachine,-2,0,0,0,0,0
KStateMachine,-1,0,0,0,0,0
KStateMachine,0,1,0,0,1,1
KStateMachine,1,1,1,0,0,0
KStateMachine,2,1,2,3,0,0
KStateMachine,3,1,3,1,0,0
KStateMachine,4,1,4,12,0,0
KStateMachine,5,1,5,17,0,0
KStateMachine,6,1,6,17,0,0
KinectToVR,-6,0,0,0,0,0
KinectToVR,-5,0,0,1,0,0
KinectToVR,-4,0,0,1,0,0
KinectToVR,-3,0,0,2,0,0
KinectToVR,-2,0,0,29,0,0
KinectToVR,-1,0,0,0,0,0
KinectToVR,0,1,0,18,5,7
KinectToVR,1,1,1,0,0,2
KinectToVR,2,1,2,12,0,0
KinectToVR,3,1,3,43,2,1
KinectToVR,4,1,4,14,0,0
KinectToVR,5,1,5,2,0,0
KinectToVR,6,1,6,14,0,0
LibrePCB,-6,0,0,17,0,0
LibrePCB,-5,0,0,13,0,0
LibrePCB,-4,0,0,0,0,0
LibrePCB,-3,0,0,0,0,0
LibrePCB,-2,0,0,3,0,0
LibrePCB,-1,0,0,10,0,0
LibrePCB,0,1,0,3,18,1
LibrePCB,1,1,1,5,0,0
LibrePCB,2,1,2,0,0,0
LibrePCB,3,1,3,4,0,0
LibrePCB,4,1,4,12,0,0
LibrePCB,5,1,5,18,0,0
LibrePCB,6,1,6,14,0,0
Linux-on-droid,-6,0,0,21,0,0
Linux-on-droid,-5,0,0,15,0,0
Linux-on-droid,-4,0,0,13,0,0
Linux-on-droid,-3,0,0,41,0,0
Linux-on-droid,-2,0,0,35,0,0
Linux-on-droid,-1,0,0,93,0,0
Linux-on-droid,0,1,0,92,0,1
Linux-on-droid,1,1,1,32,0,0
Linux-on-droid,2,1,2,15,0,1
Linux-on-droid,3,1,3,3,0,0
Linux-on-droid,4,1,4,6,0,1
Linux-on-droid,5,1,5,9,0,0
Linux-on-droid,6,1,6,1,0,0
LiterateInk,-6,0,0,0,0,0
LiterateInk,-5,0,0,0,0,0
LiterateInk,-4,0,0,0,0,0
LiterateInk,-3,0,0,0,0,0
LiterateInk,-2,0,0,0,0,0
LiterateInk,-1,0,0,8,0,0
LiterateInk,0,1,0,16,0,2
LiterateInk,1,1,1,1,2,1
LiterateInk,2,1,2,39,0,0
LiterateInk,3,1,3,21,0,0
LiterateInk,4,1,4,34,1,1
LiterateInk,5,1,5,35,1,3
LiterateInk,6,1,6,82,8,2
LiveGTech,-6,0,0,0,0,0
LiveGTech,-5,0,0,0,0,0
LiveGTech,-4,0,0,0,0,0
LiveGTech,-3,0,0,0,0,0
LiveGTech,-2,0,0,0,0,0
LiveGTech,-1,0,0,5,0,0
LiveGTech,0,1,0,19,0,2
LiveGTech,1,1,1,6,0,0
LiveGTech,2,1,2,3,0,0
LiveGTech,3,1,3,0,0,2
LiveGTech,4,1,4,6,0,1
LiveGTech,5,1,5,20,0,0
LiveGTech,6,1,6,9,0,0
MakUrSpace,-6,0,0,0,0,0
MakUrSpace,-5,0,0,0,0,0
MakUrSpace,-4,0,0,3,0,0
MakUrSpace,-3,0,0,8,0,0
MakUrSpace,-2,0,0,0,0,0
MakUrSpace,-1,0,0,3,0,0
MakUrSpace,0,1,0,0,0,3
MakUrSpace,1,1,1,0,0,6
MakUrSpace,2,1,2,1,0,1
MakUrSpace,3,1,3,21,1,3
MakUrSpace,4,1,4,5,1,3
MakUrSpace,5,1,5,14,0,0
MakUrSpace,6,1,6,0,0,0
Midnight-Lizard,-6,0,0,0,0,0
Midnight-Lizard,-5,0,0,0,0,0
Midnight-Lizard,-4,0,0,0,0,0
Midnight-Lizard,-3,0,0,5,0,0
Midnight-Lizard,-2,0,0,42,0,0
Midnight-Lizard,-1,0,0,7,0,0
Midnight-Lizard,0,1,0,2,0,1
Midnight-Lizard,1,1,1,0,0,0
Midnight-Lizard,2,1,2,0,0,0
Midnight-Lizard,3,1,3,8,0,0
Midnight-Lizard,4,1,4,26,0,0
Midnight-Lizard,5,1,5,2,0,0
Midnight-Lizard,6,1,6,3,0,0
ModuleArt,-6,0,0,4,0,0
ModuleArt,-5,0,0,0,0,0
ModuleArt,-4,0,0,0,0,0
ModuleArt,-3,0,0,0,0,0
ModuleArt,-2,0,0,0,0,0
ModuleArt,-1,0,0,0,0,0
ModuleArt,0,1,0,0,0,19
ModuleArt,1,1,1,8,0,2
ModuleArt,2,1,2,22,0,0
ModuleArt,3,1,3,10,5,1
ModuleArt,4,1,4,12,0,0
ModuleArt,5,1,5,0,10,1
ModuleArt,6,1,6,0,0,2
NServiceBusExtensions,-6,0,0,0,0,0
NServiceBusExtensions,-5,0,0,0,0,0
NServiceBusExtensions,-4,0,0,0,0,0
NServiceBusExtensions,-3,0,0,0,0,0
NServiceBusExtensions,-2,0,0,11,0,0
NServiceBusExtensions,-1,0,0,12,0,0
NServiceBusExtensions,0,1,0,13,3,3
NServiceBusExtensions,1,1,1,3,0,0
NServiceBusExtensions,2,1,2,9,0,0
NServiceBusExtensions,3,1,3,5,0,0
NServiceBusExtensions,4,1,4,3,0,0
NServiceBusExtensions,5,1,5,10,0,1
NServiceBusExtensions,6,1,6,1,0,0
One-Language,-6,0,0,0,0,0
One-Language,-5,0,0,0,0,0
One-Language,-4,0,0,0,0,0
One-Language,-3,0,0,0,0,0
One-Language,-2,0,0,0,0,0
One-Language,-1,0,0,6,0,0
One-Language,0,1,0,62,2,1
One-Language,1,1,1,25,0,0
One-Language,2,1,2,13,0,0
One-Language,3,1,3,0,0,0
One-Language,4,1,4,0,0,0
One-Language,5,1,5,0,0,0
One-Language,6,1,6,0,0,0
OneLiteFeatherNET,-6,0,0,1,0,0
OneLiteFeatherNET,-5,0,0,3,0,0
OneLiteFeatherNET,-4,0,0,0,0,0
OneLiteFeatherNET,-3,0,0,2,0,0
OneLiteFeatherNET,-2,0,0,5,0,0
OneLiteFeatherNET,-1,0,0,7,0,0
OneLiteFeatherNET,0,1,0,35,0,7
OneLiteFeatherNET,1,1,1,3,0,2
OneLiteFeatherNET,2,1,2,9,0,2
OneLiteFeatherNET,3,1,3,4,0,1
OneLiteFeatherNET,4,1,4,10,1,5
OneLiteFeatherNET,5,1,5,27,0,0
OneLiteFeatherNET,6,1,6,11,0,0
Open-Bootcamp,-6,0,0,0,0,0
Open-Bootcamp,-5,0,0,22,0,0
Open-Bootcamp,-4,0,0,22,0,0
Open-Bootcamp,-3,0,0,14,0,0
Open-Bootcamp,-2,0,0,51,0,0
Open-Bootcamp,-1,0,0,6,0,0
Open-Bootcamp,0,1,0,4,3,2
Open-Bootcamp,1,1,1,6,0,0
Open-Bootcamp,2,1,2,40,0,2
Open-Bootcamp,3,1,3,3,0,1
Open-Bootcamp,4,1,4,0,0,2
Open-Bootcamp,5,1,5,60,20,32
Open-Bootcamp,6,1,6,155,0,15
Open-Science-Community-Saudi-Arabia,-6,0,0,0,0,0
Open-Science-Community-Saudi-Arabia,-5,0,0,12,0,0
Open-Science-Community-Saudi-Arabia,-4,0,0,25,0,0
Open-Science-Community-Saudi-Arabia,-3,0,0,6,0,0
Open-Science-Community-Saudi-Arabia,-2,0,0,14,0,0
Open-Science-Community-Saudi-Arabia,-1,0,0,1,0,0
Open-Science-Community-Saudi-Arabia,0,1,0,47,187,41
Open-Science-Community-Saudi-Arabia,1,1,1,39,3,5
Open-Science-Community-Saudi-Arabia,2,1,2,19,2,3
Open-Science-Community-Saudi-Arabia,3,1,3,53,30,6
Open-Science-Community-Saudi-Arabia,4,1,4,33,1,3
Open-Science-Community-Saudi-Arabia,5,1,5,2,2,3
Open-Science-Community-Saudi-Arabia,6,1,6,10,0,2
OpenHV,-6,0,0,8,0,0
OpenHV,-5,0,0,4,0,0
OpenHV,-4,0,0,2,0,0
OpenHV,-3,0,0,9,0,0
OpenHV,-2,0,0,3,0,0
OpenHV,-1,0,0,2,0,0
OpenHV,0,1,0,0,0,1
OpenHV,1,1,1,0,2,1
OpenHV,2,1,2,0,3,1
OpenHV,3,1,3,2,0,0
OpenHV,4,1,4,16,0,0
OpenHV,5,1,5,3,0,1
OpenHV,6,1,6,2,3,2
OpenHospitalityNetwork,-6,0,0,0,0,0
OpenHospitalityNetwork,-5,0,0,0,0,0
OpenHospitalityNetwork,-4,0,0,0,0,0
OpenHospitalityNetwork,-3,0,0,0,0,0
OpenHospitalityNetwork,-2,0,0,0,0,0
OpenHospitalityNetwork,-1,0,0,0,0,0
OpenHospitalityNetwork,0,1,0,0,20,4
OpenHospitalityNetwork,1,1,1,26,46,23
OpenHospitalityNetwork,2,1,2,2,7,9
OpenHospitalityNetwork,3,1,3,0,0,0
OpenHospitalityNetwork,4,1,4,9,14,7
OpenHospitalityNetwork,5,1,5,22,0,0
OpenHospitalityNetwork,6,1,6,5,6,10
OpenMaine,-6,0,0,0,0,0
OpenMaine,-5,0,0,0,0,0
OpenMaine,-4,0,0,0,0,0
OpenMaine,-3,0,0,0,0,0
OpenMaine,-2,0,0,34,0,0
OpenMaine,-1,0,0,10,0,0
OpenMaine,0,1,0,13,0,1
OpenMaine,1,1,1,2,0,0
OpenMaine,2,1,2,4,0,0
OpenMaine,3,1,3,6,0,0
OpenMaine,4,1,4,16,0,0
OpenMaine,5,1,5,0,0,0
OpenMaine,6,1,6,10,0,0
OpenShopChannel,-6,0,0,31,0,0
OpenShopChannel,-5,0,0,12,0,0
OpenShopChannel,-4,0,0,5,0,0
OpenShopChannel,-3,0,0,0,0,0
OpenShopChannel,-2,0,0,11,0,0
OpenShopChannel,-1,0,0,5,0,0
OpenShopChannel,0,1,0,1,0,1
OpenShopChannel,1,1,1,2,0,0
OpenShopChannel,2,1,2,0,0,0
OpenShopChannel,3,1,3,1,0,0
OpenShopChannel,4,1,4,0,0,0
OpenShopChannel,5,1,5,2,1,1
OpenShopChannel,6,1,6,9,0,0
PapillonApp,-6,0,0,0,0,0
PapillonApp,-5,0,0,0,0,0
PapillonApp,-4,0,0,0,0,0
PapillonApp,-3,0,0,0,0,0
PapillonApp,-2,0,0,0,0,0
PapillonApp,-1,0,0,0,0,0
PapillonApp,0,1,0,27,13,5
PapillonApp,1,1,1,3,8,3
PapillonApp,2,1,2,0,0,1
PapillonApp,3,1,3,22,3,1
PapillonApp,4,1,4,25,5,2
PapillonApp,5,1,5,0,0,0
PapillonApp,6,1,6,0,34,5
PitchBlackRecoveryProject,-6,0,0,9,0,0
PitchBlackRecoveryProject,-5,0,0,11,0,0
PitchBlackRecoveryProject,-4,0,0,13,0,0
PitchBlackRecoveryProject,-3,0,0,12,0,0
PitchBlackRecoveryProject,-2,0,0,23,0,0
PitchBlackRecoveryProject,-1,0,0,16,0,0
PitchBlackRecoveryProject,0,1,0,56,3,1
PitchBlackRecoveryProject,1,1,1,13,0,0
PitchBlackRecoveryProject,2,1,2,17,6,1
PitchBlackRecoveryProject,3,1,3,37,0,0
PitchBlackRecoveryProject,4,1,4,63,0,0
PitchBlackRecoveryProject,5,1,5,3,0,0
PitchBlackRecoveryProject,6,1,6,4,0,0
PolyMC,-6,0,0,1,0,0
PolyMC,-5,0,0,2,0,0
PolyMC,-4,0,0,6,0,0
PolyMC,-3,0,0,38,0,0
PolyMC,-2,0,0,8,0,0
PolyMC,-1,0,0,5,0,0
PolyMC,0,1,0,13,13,1
PolyMC,1,1,1,7,8,3
PolyMC,2,1,2,1,0,0
PolyMC,3,1,3,35,2,2
PolyMC,4,1,4,14,16,2
PolyMC,5,1,5,17,1,2
PolyMC,6,1,6,15,0,1
PowerNukkit,-6,0,0,0,0,0
PowerNukkit,-5,0,0,0,0,0
PowerNukkit,-4,0,0,0,0,0
PowerNukkit,-3,0,0,0,0,0
PowerNukkit,-2,0,0,6,0,0
PowerNukkit,-1,0,0,8,0,0
PowerNukkit,0,1,0,22,5,2
PowerNukkit,1,1,1,7,0,3
PowerNukkit,2,1,2,13,0,1
PowerNukkit,3,1,3,13,0,0
PowerNukkit,4,1,4,6,0,0
PowerNukkit,5,1,5,8,0,0
PowerNukkit,6,1,6,1,0,0
ProjectSakura,-6,0,0,58,0,0
ProjectSakura,-5,0,0,37,0,0
ProjectSakura,-4,0,0,81,0,0
ProjectSakura,-3,0,0,39,0,0
ProjectSakura,-2,0,0,19,0,0
ProjectSakura,-1,0,0,41,0,0
ProjectSakura,0,1,0,26,0,1
ProjectSakura,1,1,1,15,0,0
ProjectSakura,2,1,2,59,0,1
ProjectSakura,3,1,3,5,0,0
ProjectSakura,4,1,4,0,0,0
ProjectSakura,5,1,5,0,0,0
ProjectSakura,6,1,6,0,0,0
Psionica,-6,0,0,0,0,0
Psionica,-5,0,0,0,0,0
Psionica,-4,0,0,0,0,0
Psionica,-3,0,0,0,0,0
Psionica,-2,0,0,0,0,0
Psionica,-1,0,0,0,0,0
Psionica,0,1,0,0,0,1
Psionica,1,1,1,0,0,0
Psionica,2,1,2,0,0,0
Psionica,3,1,3,58,0,1
Psionica,4,1,4,8,0,0
Psionica,5,1,5,20,0,0
Psionica,6,1,6,2,0,0
QuantEcon,-6,0,0,0,0,0
QuantEcon,-5,0,0,0,0,0
QuantEcon,-4,0,0,0,0,0
QuantEcon,-3,0,0,0,0,0
QuantEcon,-2,0,0,0,0,0
QuantEcon,-1,0,0,0,0,0
QuantEcon,0,1,0,0,1,4
QuantEcon,1,1,1,0,1,1
QuantEcon,2,1,2,3,2,2
QuantEcon,3,1,3,2,16,8
QuantEcon,4,1,4,3,0,1
QuantEcon,5,1,5,29,0,0
QuantEcon,6,1,6,16,5,4
Retrospring,-6,0,0,0,0,0
Retrospring,-5,0,0,7,0,0
Retrospring,-4,0,0,0,0,0
Retrospring,-3,0,0,1,0,0
Retrospring,-2,0,0,0,0,0
Retrospring,-1,0,0,10,0,0
Retrospring,0,1,0,34,2,2
Retrospring,1,1,1,42,1,2
Retrospring,2,1,2,51,0,0
Retrospring,3,1,3,0,0,0
Retrospring,4,1,4,6,0,0
Retrospring,5,1,5,3,0,0
Retrospring,6,1,6,15,0,0
RustFestEU,-6,0,0,0,0,0
RustFestEU,-5,0,0,0,0,0
RustFestEU,-4,0,0,0,0,0
RustFestEU,-3,0,0,0,0,0
RustFestEU,-2,0,0,2,0,0
RustFestEU,-1,0,0,0,0,0
RustFestEU,0,1,0,27,4,2
RustFestEU,1,1,1,0,0,3
RustFestEU,2,1,2,0,10,2
RustFestEU,3,1,3,0,24,4
RustFestEU,4,1,4,46,0,1
RustFestEU,5,1,5,3,1,1
RustFestEU,6,1,6,2,0,0
RustPython,-6,0,0,0,0,0
RustPython,-5,0,0,0,0,0
RustPython,-4,0,0,0,0,0
RustPython,-3,0,0,15,0,0
RustPython,-2,0,0,12,0,0
RustPython,-1,0,0,3,0,0
RustPython,0,1,0,2,0,2
RustPython,1,1,1,16,0,0
RustPython,2,1,2,1,0,0
RustPython,3,1,3,0,0,0
RustPython,4,1,4,0,0,0
RustPython,5,1,5,3,0,0
RustPython,6,1,6,2,0,0
SagerNet,-6,0,0,85,0,0
SagerNet,-5,0,0,64,0,0
SagerNet,-4,0,0,22,0,0
SagerNet,-3,0,0,21,0,0
SagerNet,-2,0,0,35,0,0
SagerNet,-1,0,0,20,0,0
SagerNet,0,1,0,1,8,2
SagerNet,1,1,1,31,2,1
SagerNet,2,1,2,1,0,0
SagerNet,3,1,3,16,0,2
SagerNet,4,1,4,28,0,0
SagerNet,5,1,5,9,2,2
SagerNet,6,1,6,3,0,0
SceneView,-6,0,0,0,0,0
SceneView,-5,0,0,0,0,0
SceneView,-4,0,0,0,0,0
SceneView,-3,0,0,9,0,0
SceneView,-2,0,0,1,0,0
SceneView,-1,0,0,5,0,0
SceneView,0,1,0,7,3,1
SceneView,1,1,1,8,3,1
SceneView,2,1,2,2,0,0
SceneView,3,1,3,23,0,0
SceneView,4,1,4,0,0,2
SceneView,5,1,5,0,4,1
SceneView,6,1,6,0,0,0
ScoopInstaller,-6,0,0,0,0,0
ScoopInstaller,-5,0,0,3,0,0
ScoopInstaller,-4,0,0,1,0,0
ScoopInstaller,-3,0,0,8,0,0
ScoopInstaller,-2,0,0,4,0,0
ScoopInstaller,-1,0,0,13,0,0
ScoopInstaller,0,1,0,16,5,3
ScoopInstaller,1,1,1,0,0,0
ScoopInstaller,2,1,2,5,0,0
ScoopInstaller,3,1,3,0,0,0
ScoopInstaller,4,1,4,0,0,1
ScoopInstaller,5,1,5,0,0,0
ScoopInstaller,6,1,6,4,3,1
ScuffleCloud,-6,0,0,3,0,0
ScuffleCloud,-5,0,0,2,0,0
ScuffleCloud,-4,0,0,0,0,0
ScuffleCloud,-3,0,0,24,0,0
ScuffleCloud,-2,0,0,5,0,0
ScuffleCloud,-1,0,0,1,0,0
ScuffleCloud,0,1,0,2,2,1
ScuffleCloud,1,1,1,13,0,0
ScuffleCloud,2,1,2,11,0,0
ScuffleCloud,3,1,3,4,0,0
ScuffleCloud,4,1,4,2,0,0
ScuffleCloud,5,1,5,0,0,0
ScuffleCloud,6,1,6,32,0,0
Sinytra,-6,0,0,18,0,0
Sinytra,-5,0,0,6,0,0
Sinytra,-4,0,0,2,0,0
Sinytra,-3,0,0,9,0,0
Sinytra,-2,0,0,3,0,0
Sinytra,-1,0,0,14,0,0
Sinytra,0,1,0,10,2,1
Sinytra,1,1,1,9,0,1
Sinytra,2,1,2,5,0,0
Sinytra,3,1,3,13,10,2
Sinytra,4,1,4,5,0,1
Sinytra,5,1,5,17,0,1
Sinytra,6,1,6,22,0,1
Sollumz,-6,0,0,6,0,0
Sollumz,-5,0,0,3,0,0
Sollumz,-4,0,0,0,0,0
Sollumz,-3,0,0,9,0,0
Sollumz,-2,0,0,1,0,0
Sollumz,-1,0,0,18,0,0
Sollumz,0,1,0,4,2,5
Sollumz,1,1,1,0,0,2
Sollumz,2,1,2,8,2,12
Sollumz,3,1,3,8,2,3
Sollumz,4,1,4,24,3,4
Sollumz,5,1,5,7,11,4
Sollumz,6,1,6,0,0,0
SonicCloudOrg,-6,0,0,2,0,0
SonicCloudOrg,-5,0,0,0,0,0
SonicCloudOrg,-4,0,0,0,0,0
SonicCloudOrg,-3,0,0,0,0,0
SonicCloudOrg,-2,0,0,0,0,0
SonicCloudOrg,-1,0,0,3,0,0
SonicCloudOrg,0,1,0,2,0,2
SonicCloudOrg,1,1,1,1,0,1
SonicCloudOrg,2,1,2,5,0,0
SonicCloudOrg,3,1,3,0,0,0
SonicCloudOrg,4,1,4,24,0,0
SonicCloudOrg,5,1,5,5,0,0
SonicCloudOrg,6,1,6,10,0,0
Sudan-s-Tech,-6,0,0,22,0,0
Sudan-s-Tech,-5,0,0,0,0,0
Sudan-s-Tech,-4,0,0,21,0,0
Sudan-s-Tech,-3,0,0,7,0,0
Sudan-s-Tech,-2,0,0,7,0,0
Sudan-s-Tech,-1,0,0,16,0,0
Sudan-s-Tech,0,1,0,20,0,2
Sudan-s-Tech,1,1,1,11,0,0
Sudan-s-Tech,2,1,2,15,0,0
Sudan-s-Tech,3,1,3,17,7,8
Sudan-s-Tech,4,1,4,65,0,0
Sudan-s-Tech,5,1,5,1,0,0
Sudan-s-Tech,6,1,6,18,0,0
TampaDevs,-6,0,0,0,0,0
TampaDevs,-5,0,0,0,0,0
TampaDevs,-4,0,0,0,0,0
TampaDevs,-3,0,0,0,0,0
TampaDevs,-2,0,0,0,0,0
TampaDevs,-1,0,0,4,0,0
TampaDevs,0,1,0,7,7,15
TampaDevs,1,1,1,19,0,0
TampaDevs,2,1,2,7,0,2
TampaDevs,3,1,3,10,0,1
TampaDevs,4,1,4,9,0,1
TampaDevs,5,1,5,5,0,5
TampaDevs,6,1,6,40,0,0
TeamUltroid,-6,0,0,0,0,0
TeamUltroid,-5,0,0,4,0,0
TeamUltroid,-4,0,0,0,0,0
TeamUltroid,-3,0,0,12,0,0
TeamUltroid,-2,0,0,3,0,0
TeamUltroid,-1,0,0,6,0,0
TeamUltroid,0,1,0,22,0,1
TeamUltroid,1,1,1,7,0,1
TeamUltroid,2,1,2,1,0,0
TeamUltroid,3,1,3,1,0,0
TeamUltroid,4,1,4,15,0,0
TeamUltroid,5,1,5,0,0,0
TeamUltroid,6,1,6,0,0,0
Thorium-Sim,-6,0,0,0,0,0
Thorium-Sim,-5,0,0,0,0,0
Thorium-Sim,-4,0,0,0,0,0
Thorium-Sim,-3,0,0,0,0,0
Thorium-Sim,-2,0,0,11,0,0
Thorium-Sim,-1,0,0,15,0,0
Thorium-Sim,0,1,0,4,1,2
Thorium-Sim,1,1,1,7,0,0
Thorium-Sim,2,1,2,36,0,0
Thorium-Sim,3,1,3,21,0,0
Thorium-Sim,4,1,4,0,0,0
Thorium-Sim,5,1,5,0,0,0
Thorium-Sim,6,1,6,0,0,0
UbuntuBudgie,-6,0,0,0,0,0
UbuntuBudgie,-5,0,0,2,0,0
UbuntuBudgie,-4,0,0,0,0,0
UbuntuBudgie,-3,0,0,5,0,0
UbuntuBudgie,-2,0,0,0,0,0
UbuntuBudgie,-1,0,0,44,0,0
UbuntuBudgie,0,1,0,53,46,5
UbuntuBudgie,1,1,1,15,4,2
UbuntuBudgie,2,1,2,7,2,2
UbuntuBudgie,3,1,3,2,0,0
UbuntuBudgie,4,1,4,5,5,2
UbuntuBudgie,5,1,5,6,7,3
UbuntuBudgie,6,1,6,3,0,0
Visual-Regression-Tracker,-6,0,0,0,0,0
Visual-Regression-Tracker,-5,0,0,0,0,0
Visual-Regression-Tracker,-4,0,0,0,0,0
Visual-Regression-Tracker,-3,0,0,0,0,0
Visual-Regression-Tracker,-2,0,0,0,0,0
Visual-Regression-Tracker,-1,0,0,7,0,0
Visual-Regression-Tracker,0,1,0,4,2,3
Visual-Regression-Tracker,1,1,1,20,0,1
Visual-Regression-Tracker,2,1,2,42,3,2
Visual-Regression-Tracker,3,1,3,36,0,2
Visual-Regression-Tracker,4,1,4,3,0,0
Visual-Regression-Tracker,5,1,5,0,2,1
Visual-Regression-Tracker,6,1,6,12,0,0
WolvenKit,-6,0,0,1,0,0
WolvenKit,-5,0,0,0,0,0
WolvenKit,-4,0,0,0,0,0
WolvenKit,-3,0,0,0,0,0
WolvenKit,-2,0,0,0,0,0
WolvenKit,-1,0,0,0,0,0
WolvenKit,0,1,0,3,0,1
WolvenKit,1,1,1,56,81,10
WolvenKit,2,1,2,80,21,6
WolvenKit,3,1,3,23,0,1
WolvenKit,4,1,4,16,0,0
WolvenKit,5,1,5,41,0,0
WolvenKit,6,1,6,3,0,0
abelljs,-6,0,0,0,0,0
abelljs,-5,0,0,0,0,0
abelljs,-4,0,0,0,0,0
abelljs,-3,0,0,0,0,0
abelljs,-2,0,0,0,0,0
abelljs,-1,0,0,0,0,0
abelljs,0,1,0,0,19,2
abelljs,1,1,1,0,12,1
abelljs,2,1,2,12,0,0
abelljs,3,1,3,29,28,6
abelljs,4,1,4,25,8,3
abelljs,5,1,5,13,0,0
abelljs,6,1,6,21,1,1
aiogram,-6,0,0,0,0,0
aiogram,-5,0,0,2,0,0
aiogram,-4,0,0,0,0,0
aiogram,-3,0,0,0,0,0
aiogram,-2,0,0,4,0,0
aiogram,-1,0,0,0,0,0
aiogram,0,1,0,7,5,1
aiogram,1,1,1,1,1,1
aiogram,2,1,2,0,0,0
aiogram,3,1,3,7,0,0
aiogram,4,1,4,25,0,0
aiogram,5,1,5,8,0,1
aiogram,6,1,6,5,0,0
allthingslinux,-6,0,0,0,0,0
allthingslinux,-5,0,0,0,0,0
allthingslinux,-4,0,0,5,0,0
allthingslinux,-3,0,0,0,0,0
allthingslinux,-2,0,0,0,0,0
allthingslinux,-1,0,0,0,0,0
allthingslinux,0,1,0,0,0,1
allthingslinux,1,1,1,11,0,3
allthingslinux,2,1,2,13,0,4
allthingslinux,3,1,3,21,0,0
allthingslinux,4,1,4,13,6,7
allthingslinux,5,1,5,13,11,9
allthingslinux,6,1,6,69,5,5
amuzil,-6,0,0,0,0,0
amuzil,-5,0,0,0,0,0
amuzil,-4,0,0,2,0,0
amuzil,-3,0,0,0,0,0
amuzil,-2,0,0,9,0,0
amuzil,-1,0,0,26,0,0
amuzil,0,1,0,35,0,1
amuzil,1,1,1,43,4,3
amuzil,2,1,2,0,0,0
amuzil,3,1,3,0,0,0
amuzil,4,1,4,3,0,0
amuzil,5,1,5,0,0,0
amuzil,6,1,6,0,0,0
anticensority,-6,0,0,0,0,0
anticensority,-5,0,0,39,0,0
anticensority,-4,0,0,2,0,0
anticensority,-3,0,0,1,0,0
anticensority,-2,0,0,2,0,0
anticensority,-1,0,0,0,0,0
anticensority,0,1,0,33,5,1
anticensority,1,1,1,6,0,0
anticensority,2,1,2,1,0,0
anticensority,3,1,3,1,0,0
anticensority,4,1,4,0,0,0
anticensority,5,1,5,0,0,0
anticensority,6,1,6,4,0,0
apollo-elements,-6,0,0,0,0,0
apollo-elements,-5,0,0,17,0,0
apollo-elements,-4,0,0,6,0,0
apollo-elements,-3,0,0,6,0,0
apollo-elements,-2,0,0,1,0,0
apollo-elements,-1,0,0,0,0,0
apollo-elements,0,1,0,23,2,1
apollo-elements,1,1,1,1,0,1
apollo-elements,2,1,2,2,2,1
apollo-elements,3,1,3,0,0,0
apollo-elements,4,1,4,23,0,0
apollo-elements,5,1,5,8,0,0
apollo-elements,6,1,6,0,0,0
arborchat,-6,0,0,0,0,0
arborchat,-5,0,0,0,0,0
arborchat,-4,0,0,0,0,0
arborchat,-3,0,0,0,0,0
arborchat,-2,0,0,7,0,0
arborchat,-1,0,0,27,0,0
arborchat,0,1,0,25,0,1
arborchat,1,1,1,16,17,17
arborchat,2,1,2,23,11,7
arborchat,3,1,3,29,4,7
arborchat,4,1,4,10,0,1
arborchat,5,1,5,0,0,0
arborchat,6,1,6,0,0,0
aspect-build,-6,0,0,0,0,0
aspect-build,-5,0,0,0,0,0
aspect-build,-4,0,0,0,0,0
aspect-build,-3,0,0,0,0,0
aspect-build,-2,0,0,4,0,0
aspect-build,-1,0,0,0,0,0
aspect-build,0,1,0,11,0,1
aspect-build,1,1,1,8,5,1
aspect-build,2,1,2,2,0,0
aspect-build,3,1,3,7,0,0
aspect-build,4,1,4,12,0,0
aspect-build,5,1,5,6,0,0
aspect-build,6,1,6,9,2,5
async-rs,-6,0,0,0,0,0
async-rs,-5,0,0,0,0,0
async-rs,-4,0,0,0,0,0
async-rs,-3,0,0,0,0,0
async-rs,-2,0,0,0,0,0
async-rs,-1,0,0,22,0,0
async-rs,0,1,0,4,1,1
async-rs,1,1,1,31,4,5
async-rs,2,1,2,42,4,4
async-rs,3,1,3,3,8,2
async-rs,4,1,4,25,0,0
async-rs,5,1,5,15,3,1
async-rs,6,1,6,26,0,0
avajs,-6,0,0,0,0,0
avajs,-5,0,0,0,0,0
avajs,-4,0,0,0,0,0
avajs,-3,0,0,0,0,0
avajs,-2,0,0,16,0,0
avajs,-1,0,0,6,0,0
avajs,0,1,0,22,0,1
avajs,1,1,1,7,21,8
avajs,2,1,2,33,0,1
avajs,3,1,3,25,5,5
avajs,4,1,4,22,13,5
avajs,5,1,5,32,1,1
avajs,6,1,6,12,0,0
azerothcore,-6,0,0,15,0,0
azerothcore,-5,0,0,1,0,0
azerothcore,-4,0,0,2,0,0
azerothcore,-3,0,0,3,0,0
azerothcore,-2,0,0,2,0,0
azerothcore,-1,0,0,15,0,0
azerothcore,0,1,0,14,2,1
azerothcore,1,1,1,3,0,0
azerothcore,2,1,2,13,0,0
azerothcore,3,1,3,14,0,0
azerothcore,4,1,4,5,0,0
azerothcore,5,1,5,37,0,0
azerothcore,6,1,6,47,0,0
bastion-rs,-6,0,0,0,0,0
bastion-rs,-5,0,0,7,0,0
bastion-rs,-4,0,0,8,0,0
bastion-rs,-3,0,0,7,0,0
bastion-rs,-2,0,0,0,0,0
bastion-rs,-1,0,0,1,0,0
bastion-rs,0,1,0,0,4,1
bastion-rs,1,1,1,3,0,0
bastion-rs,2,1,2,0,0,0
bastion-rs,3,1,3,27,4,1
bastion-rs,4,1,4,54,0,0
bastion-rs,5,1,5,12,0,0
bastion-rs,6,1,6,3,0,2
bavix,-6,0,0,94,0,0
bavix,-5,0,0,23,0,0
bavix,-4,0,0,0,0,0
bavix,-3,0,0,0,0,0
bavix,-2,0,0,0,0,0
bavix,-1,0,0,39,0,0
bavix,0,1,0,16,0,1
bavix,1,1,1,2,0,0
bavix,2,1,2,0,0,0
bavix,3,1,3,7,0,0
bavix,4,1,4,0,0,0
bavix,5,1,5,5,0,0
bavix,6,1,6,0,0,0
baytechc,-6,0,0,0,0,0
baytechc,-5,0,0,0,0,0
baytechc,-4,0,0,0,0,0
baytechc,-3,0,0,13,0,0
baytechc,-2,0,0,0,0,0
baytechc,-1,0,0,1,0,0
baytechc,0,1,0,8,0,1
baytechc,1,1,1,6,0,0
baytechc,2,1,2,0,0,0
baytechc,3,1,3,0,0,0
baytechc,4,1,4,21,0,0
baytechc,5,1,5,1,0,1
baytechc,6,1,6,3,0,1
blitz-js,-6,0,0,0,0,0
blitz-js,-5,0,0,0,0,0
blitz-js,-4,0,0,2,0,0
blitz-js,-3,0,0,9,0,0
blitz-js,-2,0,0,10,0,0
blitz-js,-1,0,0,27,0,0
blitz-js,0,1,0,12,10,2
blitz-js,1,1,1,2,0,0
blitz-js,2,1,2,7,0,0
blitz-js,3,1,3,2,0,0
blitz-js,4,1,4,18,0,0
blitz-js,5,1,5,11,0,0
blitz-js,6,1,6,4,0,0
bonfire-networks,-6,0,0,4,0,0
bonfire-networks,-5,0,0,7,0,0
bonfire-networks,-4,0,0,0,0,0
bonfire-networks,-3,0,0,8,0,0
bonfire-networks,-2,0,0,14,0,0
bonfire-networks,-1,0,0,6,0,0
bonfire-networks,0,1,0,51,5,1
bonfire-networks,1,1,1,5,0,0
bonfire-networks,2,1,2,5,0,1
bonfire-networks,3,1,3,10,0,0
bonfire-networks,4,1,4,30,0,1
bonfire-networks,5,1,5,26,0,0
bonfire-networks,6,1,6,15,0,0
buape,-6,0,0,18,0,0
buape,-5,0,0,6,0,0
buape,-4,0,0,7,0,0
buape,-3,0,0,13,0,0
buape,-2,0,0,14,0,0
buape,-1,0,0,2,0,0
buape,0,1,0,15,0,1
buape,1,1,1,16,0,0
buape,2,1,2,16,0,1
buape,3,1,3,25,1,1
buape,4,1,4,2,1,1
buape,5,1,5,6,4,4
buape,6,1,6,15,2,2
casbin,-6,0,0,10,0,0
casbin,-5,0,0,0,0,0
casbin,-4,0,0,5,0,0
casbin,-3,0,0,15,0,0
casbin,-2,0,0,10,0,0
casbin,-1,0,0,3,0,0
casbin,0,1,0,2,11,1
casbin,1,1,1,6,0,0
casbin,2,1,2,7,0,0
casbin,3,1,3,6,0,0
casbin,4,1,4,10,0,0
casbin,5,1,5,10,0,0
casbin,6,1,6,4,0,0
catenarytransit,-6,0,0,0,0,0
catenarytransit,-5,0,0,0,0,0
catenarytransit,-4,0,0,15,0,0
catenarytransit,-3,0,0,21,0,0
catenarytransit,-2,0,0,3,0,0
catenarytransit,-1,0,0,23,0,0
catenarytransit,0,1,0,96,0,4
catenarytransit,1,1,1,33,2,7
catenarytransit,2,1,2,74,0,7
catenarytransit,3,1,3,35,2,14
catenarytransit,4,1,4,32,2,4
catenarytransit,5,1,5,37,0,4
catenarytransit,6,1,6,2,1,5
chatwoot,-6,0,0,0,0,0
chatwoot,-5,0,0,0,0,0
chatwoot,-4,0,0,3,0,0
chatwoot,-3,0,0,13,0,0
chatwoot,-2,0,0,6,0,0
chatwoot,-1,0,0,24,0,0
chatwoot,0,1,0,4,3,1
chatwoot,1,1,1,2,0,0
chatwoot,2,1,2,5,0,1
chatwoot,3,1,3,4,0,2
chatwoot,4,1,4,9,0,2
chatwoot,5,1,5,35,0,0
chatwoot,6,1,6,8,0,0
clio-lang,-6,0,0,0,0,0
clio-lang,-5,0,0,0,0,0
clio-lang,-4,0,0,0,0,0
clio-lang,-3,0,0,20,0,0
clio-lang,-2,0,0,62,0,0
clio-lang,-1,0,0,48,0,0
clio-lang,0,1,0,5,9,1
clio-lang,1,1,1,2,0,0
clio-lang,2,1,2,0,0,0
clio-lang,3,1,3,0,0,0
clio-lang,4,1,4,0,0,0
clio-lang,5,1,5,0,0,0
clio-lang,6,1,6,0,0,0
code-hike,-6,0,0,1,0,0
code-hike,-5,0,0,0,0,0
code-hike,-4,0,0,0,0,0
code-hike,-3,0,0,6,0,0
code-hike,-2,0,0,6,0,0
code-hike,-1,0,0,29,0,0
code-hike,0,1,0,3,0,1
code-hike,1,1,1,0,0,0
code-hike,2,1,2,1,0,0
code-hike,3,1,3,0,0,3
code-hike,4,1,4,5,0,1
code-hike,5,1,5,3,0,1
code-hike,6,1,6,27,0,1
codebar,-6,0,0,12,0,0
codebar,-5,0,0,17,0,0
codebar,-4,0,0,0,0,0
codebar,-3,0,0,3,0,0
codebar,-2,0,0,16,0,0
codebar,-1,0,0,5,0,0
codebar,0,1,0,23,3,1
codebar,1,1,1,0,0,0
codebar,2,1,2,6,0,0
codebar,3,1,3,4,0,0
codebar,4,1,4,0,10,1
codebar,5,1,5,0,6,2
codebar,6,1,6,3,0,0
comunica,-6,0,0,35,0,0
comunica,-5,0,0,5,0,0
comunica,-4,0,0,19,0,0
comunica,-3,0,0,34,0,0
comunica,-2,0,0,1,0,0
comunica,-1,0,0,1,0,0
comunica,0,1,0,0,0,1
comunica,1,1,1,0,0,0
comunica,2,1,2,21,0,1
comunica,3,1,3,5,0,0
comunica,4,1,4,57,1,2
comunica,5,1,5,28,0,0
comunica,6,1,6,44,0,0
consento-org,-6,0,0,0,0,0
consento-org,-5,0,0,0,0,0
consento-org,-4,0,0,0,0,0
consento-org,-3,0,0,0,0,0
consento-org,-2,0,0,0,0,0
consento-org,-1,0,0,26,0,0
consento-org,0,1,0,21,0,2
consento-org,1,1,1,10,0,0
consento-org,2,1,2,31,0,0
consento-org,3,1,3,3,0,0
consento-org,4,1,4,0,0,0
consento-org,5,1,5,0,0,0
consento-org,6,1,6,12,3,8
coopcycle,-6,0,0,9,0,0
coopcycle,-5,0,0,0,0,0
coopcycle,-4,0,0,1,0,0
coopcycle,-3,0,0,0,0,0
coopcycle,-2,0,0,0,0,0
coopcycle,-1,0,0,2,0,0
coopcycle,0,1,0,0,7,1
coopcycle,1,1,1,4,1,1
coopcycle,2,1,2,5,0,3
coopcycle,3,1,3,14,3,8
coopcycle,4,1,4,15,4,4
coopcycle,5,1,5,4,1,2
coopcycle,6,1,6,0,0,0
cpeditor,-6,0,0,0,0,0
cpeditor,-5,0,0,0,0,0
cpeditor,-4,0,0,0,0,0
cpeditor,-3,0,0,0,0,0
cpeditor,-2,0,0,0,0,0
cpeditor,-1,0,0,0,0,0
cpeditor,0,1,0,0,11,1
cpeditor,1,1,1,4,0,2
cpeditor,2,1,2,11,4,1
cpeditor,3,1,3,17,0,0
cpeditor,4,1,4,15,0,0
cpeditor,5,1,5,16,0,0
cpeditor,6,1,6,3,0,1
csstools,-6,0,0,0,0,0
csstools,-5,0,0,0,0,0
csstools,-4,0,0,0,0,0
csstools,-3,0,0,0,0,0
csstools,-2,0,0,0,0,0
csstools,-1,0,0,0,0,0
csstools,0,1,0,41,0,1
csstools,1,1,1,36,1,2
csstools,2,1,2,13,0,0
csstools,3,1,3,37,0,0
csstools,4,1,4,15,0,0
csstools,5,1,5,0,0,0
csstools,6,1,6,4,0,0
denosaurs,-6,0,0,5,0,0
denosaurs,-5,0,0,2,0,0
denosaurs,-4,0,0,2,0,0
denosaurs,-3,0,0,4,0,0
denosaurs,-2,0,0,0,0,0
denosaurs,-1,0,0,1,0,0
denosaurs,0,1,0,28,1,1
denosaurs,1,1,1,37,38,2
denosaurs,2,1,2,30,0,0
denosaurs,3,1,3,66,2,1
denosaurs,4,1,4,88,6,2
denosaurs,5,1,5,77,14,5
denosaurs,6,1,6,42,0,0
devops-kung-fu,-6,0,0,0,0,0
devops-kung-fu,-5,0,0,0,0,0
devops-kung-fu,-4,0,0,0,0,0
devops-kung-fu,-3,0,0,0,0,0
devops-kung-fu,-2,0,0,0,0,0
devops-kung-fu,-1,0,0,12,0,0
devops-kung-fu,0,1,0,9,0,2
devops-kung-fu,1,1,1,10,0,0
devops-kung-fu,2,1,2,1,0,0
devops-kung-fu,3,1,3,17,0,0
devops-kung-fu,4,1,4,34,0,0
devops-kung-fu,5,1,5,46,0,0
devops-kung-fu,6,1,6,4,0,0
devopsfaith,-6,0,0,0,0,0
devopsfaith,-5,0,0,0,0,0
devopsfaith,-4,0,0,0,0,0
devopsfaith,-3,0,0,4,0,0
devopsfaith,-2,0,0,0,0,0
devopsfaith,-1,0,0,12,0,0
devopsfaith,0,1,0,25,0,2
devopsfaith,1,1,1,16,0,1
devopsfaith,2,1,2,14,0,0
devopsfaith,3,1,3,10,0,0
devopsfaith,4,1,4,10,0,0
devopsfaith,5,1,5,5,0,1
devopsfaith,6,1,6,0,0,0
docToolchain,-6,0,0,0,0,0
docToolchain,-5,0,0,0,0,0
docToolchain,-4,0,0,36,0,0
docToolchain,-3,0,0,6,0,0
docToolchain,-2,0,0,15,0,0
docToolchain,-1,0,0,26,0,0
docToolchain,0,1,0,11,0,2
docToolchain,1,1,1,12,0,0
docToolchain,2,1,2,0,0,0
docToolchain,3,1,3,19,0,0
docToolchain,4,1,4,12,0,0
docToolchain,5,1,5,5,0,0
docToolchain,6,1,6,6,0,1
docksal,-6,0,0,40,0,0
docksal,-5,0,0,11,0,0
docksal,-4,0,0,12,0,0
docksal,-3,0,0,4,0,0
docksal,-2,0,0,4,0,0
docksal,-1,0,0,12,0,0
docksal,0,1,0,22,0,4
docksal,1,1,1,6,0,0
docksal,2,1,2,2,0,0
docksal,3,1,3,0,0,0
docksal,4,1,4,22,0,0
docksal,5,1,5,6,1,2
docksal,6,1,6,0,0,0
dribdat,-6,0,0,0,0,0
dribdat,-5,0,0,17,0,0
dribdat,-4,0,0,0,0,0
dribdat,-3,0,0,0,0,0
dribdat,-2,0,0,8,0,0
dribdat,-1,0,0,35,0,0
dribdat,0,1,0,1,0,1
dribdat,1,1,1,1,0,0
dribdat,2,1,2,2,0,0
dribdat,3,1,3,4,0,0
dribdat,4,1,4,3,0,0
dribdat,5,1,5,5,0,0
dribdat,6,1,6,5,0,0
entropic-dev,-6,0,0,0,0,0
entropic-dev,-5,0,0,0,0,0
entropic-dev,-4,0,0,0,0,0
entropic-dev,-3,0,0,0,0,0
entropic-dev,-2,0,0,0,0,0
entropic-dev,-1,0,0,24,0,0
entropic-dev,0,1,0,19,2,3
entropic-dev,1,1,1,0,0,0
entropic-dev,2,1,2,0,0,1
entropic-dev,3,1,3,0,0,0
entropic-dev,4,1,4,11,0,2
entropic-dev,5,1,5,43,15,12
entropic-dev,6,1,6,15,0,0
esm-dev,-6,0,0,4,0,0
esm-dev,-5,0,0,6,0,0
esm-dev,-4,0,0,6,0,0
esm-dev,-3,0,0,4,0,0
esm-dev,-2,0,0,43,0,0
esm-dev,-1,0,0,15,0,0
esm-dev,0,1,0,29,2,5
esm-dev,1,1,1,35,42,25
esm-dev,2,1,2,0,0,0
esm-dev,3,1,3,0,0,0
esm-dev,4,1,4,0,0,0
esm-dev,5,1,5,0,0,0
esm-dev,6,1,6,0,0,0
ferdium,-6,0,0,4,0,0
ferdium,-5,0,0,7,0,0
ferdium,-4,0,0,3,0,0
ferdium,-3,0,0,8,0,0
ferdium,-2,0,0,3,0,0
ferdium,-1,0,0,17,0,0
ferdium,0,1,0,6,5,4
ferdium,1,1,1,7,0,0
ferdium,2,1,2,1,0,0
ferdium,3,1,3,1,3,1
ferdium,4,1,4,1,0,0
ferdium,5,1,5,0,0,0
ferdium,6,1,6,7,0,0
fosuniverse,-6,0,0,0,0,0
fosuniverse,-5,0,0,3,0,0
fosuniverse,-4,0,0,2,0,0
fosuniverse,-3,0,0,11,0,0
fosuniverse,-2,0,0,2,0,0
fosuniverse,-1,0,0,7,0,0
fosuniverse,0,1,0,11,0,4
fosuniverse,1,1,1,18,0,2
fosuniverse,2,1,2,5,0,0
fosuniverse,3,1,3,26,0,0
fosuniverse,4,1,4,41,0,0
fosuniverse,5,1,5,8,0,1
fosuniverse,6,1,6,5,0,0
freshOS,-6,0,0,0,0,0
freshOS,-5,0,0,0,0,0
freshOS,-4,0,0,0,0,0
freshOS,-3,0,0,0,0,0
freshOS,-2,0,0,0,0,0
freshOS,-1,0,0,0,0,0
freshOS,0,1,0,0,15,1
freshOS,1,1,1,0,0,0
freshOS,2,1,2,26,0,0
freshOS,3,1,3,13,0,0
freshOS,4,1,4,46,0,0
freshOS,5,1,5,0,0,0
freshOS,6,1,6,0,0,0
fullstackhero,-6,0,0,0,0,0
fullstackhero,-5,0,0,4,0,0
fullstackhero,-4,0,0,10,0,0
fullstackhero,-3,0,0,4,0,0
fullstackhero,-2,0,0,4,0,0
fullstackhero,-1,0,0,0,0,0
fullstackhero,0,1,0,6,4,2
fullstackhero,1,1,1,0,0,0
fullstackhero,2,1,2,0,0,0
fullstackhero,3,1,3,9,3,1
fullstackhero,4,1,4,30,2,1
fullstackhero,5,1,5,7,0,1
fullstackhero,6,1,6,2,0,3
gfx-rs,-6,0,0,0,0,0
gfx-rs,-5,0,0,0,0,0
gfx-rs,-4,0,0,0,0,0
gfx-rs,-3,0,0,0,0,0
gfx-rs,-2,0,0,0,0,0
gfx-rs,-1,0,0,0,0,0
gfx-rs,0,1,0,0,0,1
gfx-rs,1,1,1,0,0,0
gfx-rs,2,1,2,0,2,1
gfx-rs,3,1,3,21,0,0
gfx-rs,4,1,4,5,2,1
gfx-rs,5,1,5,13,10,3
gfx-rs,6,1,6,24,0,0
grain-lang,-6,0,0,0,0,0
grain-lang,-5,0,0,3,0,0
grain-lang,-4,0,0,22,0,0
grain-lang,-3,0,0,8,0,0
grain-lang,-2,0,0,0,0,0
grain-lang,-1,0,0,0,0,0
grain-lang,0,1,0,15,3,1
grain-lang,1,1,1,4,5,1
grain-lang,2,1,2,0,0,0
grain-lang,3,1,3,14,0,0
grain-lang,4,1,4,10,0,1
grain-lang,5,1,5,2,0,0
grain-lang,6,1,6,13,0,2
hack-pad,-6,0,0,0,0,0
hack-pad,-5,0,0,0,0,0
hack-pad,-4,0,0,0,0,0
hack-pad,-3,0,0,0,0,0
hack-pad,-2,0,0,0,0,0
hack-pad,-1,0,0,0,0,0
hack-pad,0,1,0,0,6,1
hack-pad,1,1,1,20,16,1
hack-pad,2,1,2,19,0,0
hack-pad,3,1,3,17,1,1
hack-pad,4,1,4,1,14,2
hack-pad,5,1,5,5,9,1
hack-pad,6,1,6,0,0,0
hackmdio,-6,0,0,14,0,0
hackmdio,-5,0,0,9,0,0
hackmdio,-4,0,0,10,0,0
hackmdio,-3,0,0,4,0,0
hackmdio,-2,0,0,12,0,0
hackmdio,-1,0,0,22,0,0
hackmdio,0,1,0,17,4,2
hackmdio,1,1,1,1,1,1
hackmdio,2,1,2,28,2,1
hackmdio,3,1,3,16,0,0
hackmdio,4,1,4,13,0,1
hackmdio,5,1,5,12,0,0
hackmdio,6,1,6,14,0,0
hotio,-6,0,0,36,0,0
hotio,-5,0,0,78,0,0
hotio,-4,0,0,27,0,0
hotio,-3,0,0,34,0,0
hotio,-2,0,0,36,0,0
hotio,-1,0,0,11,0,0
hotio,0,1,0,51,0,1
hotio,1,1,1,43,0,0
hotio,2,1,2,71,0,0
hotio,3,1,3,57,7,2
hotio,4,1,4,335,0,0
hotio,5,1,5,0,0,0
hotio,6,1,6,0,0,0
hyphacoop,-6,0,0,0,0,0
hyphacoop,-5,0,0,0,0,0
hyphacoop,-4,0,0,0,0,0
hyphacoop,-3,0,0,0,0,0
hyphacoop,-2,0,0,0,0,0
hyphacoop,-1,0,0,15,0,0
hyphacoop,0,1,0,8,2,3
hyphacoop,1,1,1,2,0,1
hyphacoop,2,1,2,14,1,2
hyphacoop,3,1,3,10,0,0
hyphacoop,4,1,4,20,0,0
hyphacoop,5,1,5,1,0,0
hyphacoop,6,1,6,9,2,7
immers-space,-6,0,0,2,0,0
immers-space,-5,0,0,0,0,0
immers-space,-4,0,0,0,0,0
immers-space,-3,0,0,0,0,0
immers-space,-2,0,0,1,0,0
immers-space,-1,0,0,17,0,0
immers-space,0,1,0,9,10,2
immers-space,1,1,1,7,1,4
immers-space,2,1,2,7,1,1
immers-space,3,1,3,0,4,1
immers-space,4,1,4,12,8,5
immers-space,5,1,5,10,0,2
immers-space,6,1,6,6,0,0
instantOS,-6,0,0,0,0,0
instantOS,-5,0,0,3,0,0
instantOS,-4,0,0,3,0,0
instantOS,-3,0,0,22,0,0
instantOS,-2,0,0,32,0,0
instantOS,-1,0,0,70,0,0
instantOS,0,1,0,9,2,1
instantOS,1,1,1,12,11,5
instantOS,2,1,2,34,0,1
instantOS,3,1,3,13,49,13
instantOS,4,1,4,16,16,2
instantOS,5,1,5,23,17,5
instantOS,6,1,6,14,0,0
jreleaser,-6,0,0,6,0,0
jreleaser,-5,0,0,4,0,0
jreleaser,-4,0,0,14,0,0
jreleaser,-3,0,0,17,0,0
jreleaser,-2,0,0,13,0,0
jreleaser,-1,0,0,16,0,0
jreleaser,0,1,0,18,0,1
jreleaser,1,1,1,0,0,0
jreleaser,2,1,2,9,0,0
jreleaser,3,1,3,0,0,0
jreleaser,4,1,4,14,0,0
jreleaser,5,1,5,6,0,0
jreleaser,6,1,6,22,0,0
katzenpost,-6,0,0,0,0,0
katzenpost,-5,0,0,0,0,0
katzenpost,-4,0,0,0,0,0
katzenpost,-3,0,0,0,0,0
katzenpost,-2,0,0,0,0,0
katzenpost,-1,0,0,0,0,0
katzenpost,0,1,0,0,2,2
katzenpost,1,1,1,0,1,1
katzenpost,2,1,2,0,0,0
katzenpost,3,1,3,0,0,0
katzenpost,4,1,4,0,3,2
katzenpost,5,1,5,35,0,1
katzenpost,6,1,6,17,6,11
kendraio,-6,0,0,0,0,0
kendraio,-5,0,0,0,0,0
kendraio,-4,0,0,1,0,0
kendraio,-3,0,0,4,0,0
kendraio,-2,0,0,1,0,0
kendraio,-1,0,0,2,0,0
kendraio,0,1,0,18,0,1
kendraio,1,1,1,38,0,0
kendraio,2,1,2,18,0,0
kendraio,3,1,3,6,0,0
kendraio,4,1,4,1,0,0
kendraio,5,1,5,5,0,0
kendraio,6,1,6,0,0,0
koyuspace,-6,0,0,27,0,0
koyuspace,-5,0,0,38,0,0
koyuspace,-4,0,0,10,0,0
koyuspace,-3,0,0,76,0,0
koyuspace,-2,0,0,9,0,0
koyuspace,-1,0,0,13,0,0
koyuspace,0,1,0,12,0,1
koyuspace,1,1,1,17,0,1
koyuspace,2,1,2,18,0,1
koyuspace,3,1,3,18,0,1
koyuspace,4,1,4,33,0,0
koyuspace,5,1,5,11,0,0
koyuspace,6,1,6,3,0,0
leafsphp,-6,0,0,17,0,0
leafsphp,-5,0,0,10,0,0
leafsphp,-4,0,0,0,0,0
leafsphp,-3,0,0,7,0,0
leafsphp,-2,0,0,2,0,0
leafsphp,-1,0,0,0,0,0
leafsphp,0,1,0,9,1,1
leafsphp,1,1,1,1,0,0
leafsphp,2,1,2,4,0,0
leafsphp,3,1,3,12,0,0
leafsphp,4,1,4,0,0,0
leafsphp,5,1,5,0,0,0
leafsphp,6,1,6,0,0,0
less,-6,0,0,0,0,0
less,-5,0,0,0,0,0
less,-4,0,0,0,0,0
less,-3,0,0,0,0,0
less,-2,0,0,0,0,0
less,-1,0,0,0,0,0
less,0,1,0,0,3,1
less,1,1,1,22,0,0
less,2,1,2,7,7,1
less,3,1,3,22,6,1
less,4,1,4,0,0,0
less,5,1,5,2,0,0
less,6,1,6,0,0,0
letheanVPN,-6,0,0,4,0,0
letheanVPN,-5,0,0,0,0,0
letheanVPN,-4,0,0,0,0,0
letheanVPN,-3,0,0,5,0,0
letheanVPN,-2,0,0,1,0,0
letheanVPN,-1,0,0,24,0,0
letheanVPN,0,1,0,13,3,4
letheanVPN,1,1,1,2,0,0
letheanVPN,2,1,2,11,0,0
letheanVPN,3,1,3,2,3,1
letheanVPN,4,1,4,3,14,6
letheanVPN,5,1,5,0,22,4
letheanVPN,6,1,6,4,5,3
libremesh,-6,0,0,24,0,0
libremesh,-5,0,0,3,0,0
libremesh,-4,0,0,0,0,0
libremesh,-3,0,0,33,0,0
libremesh,-2,0,0,0,0,0
libremesh,-1,0,0,0,0,0
libremesh,0,1,0,36,7,3
libremesh,1,1,1,14,0,0
libremesh,2,1,2,13,0,0
libremesh,3,1,3,0,0,0
libremesh,4,1,4,3,0,0
libremesh,5,1,5,4,0,0
libremesh,6,1,6,2,0,0
lobehub,-6,0,0,0,0,0
lobehub,-5,0,0,0,0,0
lobehub,-4,0,0,0,0,0
lobehub,-3,0,0,0,0,0
lobehub,-2,0,0,11,0,0
lobehub,-1,0,0,0,0,0
lobehub,0,1,0,4,0,2
lobehub,1,1,1,14,0,1
lobehub,2,1,2,66,2,9
lobehub,3,1,3,14,8,12
lobehub,4,1,4,36,17,6
lobehub,5,1,5,70,17,19
lobehub,6,1,6,87,20,13
lumeland,-6,0,0,0,0,0
lumeland,-5,0,0,11,0,0
lumeland,-4,0,0,18,0,0
lumeland,-3,0,0,16,0,0
lumeland,-2,0,0,19,0,0
lumeland,-1,0,0,6,0,0
lumeland,0,1,0,14,3,1
lumeland,1,1,1,7,1,1
lumeland,2,1,2,4,0,0
lumeland,3,1,3,13,0,0
lumeland,4,1,4,4,0,0
lumeland,5,1,5,27,6,2
lumeland,6,1,6,8,1,1
mage-os,-6,0,0,7,0,0
mage-os,-5,0,0,1,0,0
mage-os,-4,0,0,31,0,0
mage-os,-3,0,0,8,0,0
mage-os,-2,0,0,16,0,0
mage-os,-1,0,0,0,0,0
mage-os,0,1,0,16,3,1
mage-os,1,1,1,12,0,0
mage-os,2,1,2,14,18,6
mage-os,3,1,3,12,13,5
mage-os,4,1,4,5,2,5
mage-os,5,1,5,16,0,0
mage-os,6,1,6,10,0,0
maii-chgk,-6,0,0,0,0,0
maii-chgk,-5,0,0,0,0,0
maii-chgk,-4,0,0,0,0,0
maii-chgk,-3,0,0,0,0,0
maii-chgk,-2,0,0,10,0,0
maii-chgk,-1,0,0,31,0,0
maii-chgk,0,1,0,0,0,1
maii-chgk,1,1,1,0,0,0
maii-chgk,2,1,2,0,0,0
maii-chgk,3,1,3,4,0,0
maii-chgk,4,1,4,7,0,0
maii-chgk,5,1,5,2,0,0
maii-chgk,6,1,6,1,0,0
markdown-it,-6,0,0,0,0,0
markdown-it,-5,0,0,11,0,0
markdown-it,-4,0,0,24,0,0
markdown-it,-3,0,0,0,0,0
markdown-it,-2,0,0,38,0,0
markdown-it,-1,0,0,0,0,0
markdown-it,0,1,0,4,28,1
markdown-it,1,1,1,0,0,0
markdown-it,2,1,2,0,0,0
markdown-it,3,1,3,2,0,0
markdown-it,4,1,4,7,4,1
markdown-it,5,1,5,14,0,0
markdown-it,6,1,6,0,0,0
master-co,-6,0,0,0,0,0
master-co,-5,0,0,0,0,0
master-co,-4,0,0,0,0,0
master-co,-3,0,0,1,0,0
master-co,-2,0,0,0,0,0
master-co,-1,0,0,0,0,0
master-co,0,1,0,0,2,3
master-co,1,1,1,0,1,3
master-co,2,1,2,0,0,1
master-co,3,1,3,39,3,3
master-co,4,1,4,50,6,6
master-co,5,1,5,1,0,1
master-co,6,1,6,5,0,0
micro-elements,-6,0,0,0,0,0
micro-elements,-5,0,0,0,0,0
micro-elements,-4,0,0,0,0,0
micro-elements,-3,0,0,0,0,0
micro-elements,-2,0,0,0,0,0
micro-elements,-1,0,0,0,0,0
micro-elements,0,1,0,7,3,8
micro-elements,1,1,1,14,0,3
micro-elements,2,1,2,18,0,3
micro-elements,3,1,3,12,0,1
micro-elements,4,1,4,4,0,2
micro-elements,5,1,5,1,0,1
micro-elements,6,1,6,0,0,0
microcks,-6,0,0,0,0,0
microcks,-5,0,0,0,0,0
microcks,-4,0,0,0,0,0
microcks,-3,0,0,0,0,0
microcks,-2,0,0,18,0,0
microcks,-1,0,0,8,0,0
microcks,0,1,0,26,4,2
microcks,1,1,1,5,0,0
microcks,2,1,2,2,0,0
microcks,3,1,3,0,0,0
microcks,4,1,4,31,0,0
microcks,5,1,5,0,0,0
microcks,6,1,6,1,0,0
mint-lang,-6,0,0,0,0,0
mint-lang,-5,0,0,11,0,0
mint-lang,-4,0,0,0,0,0
mint-lang,-3,0,0,2,0,0
mint-lang,-2,0,0,8,0,0
mint-lang,-1,0,0,20,0,0
mint-lang,0,1,0,5,3,1
mint-lang,1,1,1,38,9,2
mint-lang,2,1,2,2,0,0
mint-lang,3,1,3,6,0,0
mint-lang,4,1,4,1,0,0
mint-lang,5,1,5,6,0,0
mint-lang,6,1,6,6,0,0
modularcode,-6,0,0,2,0,0
modularcode,-5,0,0,4,0,0
modularcode,-4,0,0,1,0,0
modularcode,-3,0,0,1,0,0
modularcode,-2,0,0,2,0,0
modularcode,-1,0,0,20,0,0
modularcode,0,1,0,17,0,1
modularcode,1,1,1,3,0,0
modularcode,2,1,2,17,0,0
modularcode,3,1,3,0,0,0
modularcode,4,1,4,13,0,0
modularcode,5,1,5,0,0,0
modularcode,6,1,6,0,0,0
mue,-6,0,0,11,0,0
mue,-5,0,0,2,0,0
mue,-4,0,0,0,0,0
mue,-3,0,0,4,0,0
mue,-2,0,0,4,0,0
mue,-1,0,0,0,0,0
mue,0,1,0,31,1,1
mue,1,1,1,0,0,0
mue,2,1,2,0,1,1
mue,3,1,3,0,0,0
mue,4,1,4,7,0,1
mue,5,1,5,1,0,0
mue,6,1,6,0,1,1
mun-lang,-6,0,0,2,0,0
mun-lang,-5,0,0,5,0,0
mun-lang,-4,0,0,1,0,0
mun-lang,-3,0,0,10,0,0
mun-lang,-2,0,0,10,0,0
mun-lang,-1,0,0,41,0,0
mun-lang,0,1,0,5,9,6
mun-lang,1,1,1,6,0,0
mun-lang,2,1,2,10,0,0
mun-lang,3,1,3,2,0,1
mun-lang,4,1,4,4,0,0
mun-lang,5,1,5,0,3,1
mun-lang,6,1,6,0,0,0
mwmbl,-6,0,0,0,0,0
mwmbl,-5,0,0,0,0,0
mwmbl,-4,0,0,0,0,0
mwmbl,-3,0,0,0,0,0
mwmbl,-2,0,0,0,0,0
mwmbl,-1,0,0,1,0,0
mwmbl,0,1,0,10,0,2
mwmbl,1,1,1,11,0,0
mwmbl,2,1,2,12,8,1
mwmbl,3,1,3,0,0,0
mwmbl,4,1,4,4,0,0
mwmbl,5,1,5,16,0,0
mwmbl,6,1,6,4,10,4
mybb,-6,0,0,0,0,0
mybb,-5,0,0,0,0,0
mybb,-4,0,0,0,0,0
mybb,-3,0,0,0,0,0
mybb,-2,0,0,0,0,0
mybb,-1,0,0,0,0,0
mybb,0,1,0,0,10,1
mybb,1,1,1,8,0,0
mybb,2,1,2,35,3,4
mybb,3,1,3,8,1,5
mybb,4,1,4,0,14,3
mybb,5,1,5,0,0,1
mybb,6,1,6,15,0,0
nestdotland,-6,0,0,0,0,0
nestdotland,-5,0,0,0,0,0
nestdotland,-4,0,0,0,0,0
nestdotland,-3,0,0,0,0,0
nestdotland,-2,0,0,0,0,0
nestdotland,-1,0,0,0,0,0
nestdotland,0,1,0,4,8,1
nestdotland,1,1,1,63,24,8
nestdotland,2,1,2,69,8,8
nestdotland,3,1,3,42,17,6
nestdotland,4,1,4,57,25,18
nestdotland,5,1,5,9,12,8
nestdotland,6,1,6,29,1,2
ng-web-apis,-6,0,0,17,0,0
ng-web-apis,-5,0,0,26,0,0
ng-web-apis,-4,0,0,6,0,0
ng-web-apis,-3,0,0,28,0,0
ng-web-apis,-2,0,0,27,0,0
ng-web-apis,-1,0,0,2,0,0
ng-web-apis,0,1,0,24,0,1
ng-web-apis,1,1,1,4,0,0
ng-web-apis,2,1,2,30,0,0
ng-web-apis,3,1,3,4,0,0
ng-web-apis,4,1,4,54,0,0
ng-web-apis,5,1,5,20,0,0
ng-web-apis,6,1,6,22,0,0
nlpodyssey,-6,0,0,0,0,0
nlpodyssey,-5,0,0,0,0,0
nlpodyssey,-4,0,0,0,0,0
nlpodyssey,-3,0,0,0,0,0
nlpodyssey,-2,0,0,30,0,0
nlpodyssey,-1,0,0,0,0,0
nlpodyssey,0,1,0,0,2,1
nlpodyssey,1,1,1,14,0,0
nlpodyssey,2,1,2,0,0,0
nlpodyssey,3,1,3,0,0,0
nlpodyssey,4,1,4,0,0,0
nlpodyssey,5,1,5,0,0,0
nlpodyssey,6,1,6,30,1,1
nova-video-player,-6,0,0,14,0,0
nova-video-player,-5,0,0,2,0,0
nova-video-player,-4,0,0,8,0,0
nova-video-player,-3,0,0,1,0,0
nova-video-player,-2,0,0,1,0,0
nova-video-player,-1,0,0,19,0,0
nova-video-player,0,1,0,0,0,1
nova-video-player,1,1,1,1,0,0
nova-video-player,2,1,2,9,0,0
nova-video-player,3,1,3,28,0,0
nova-video-player,4,1,4,33,0,0
nova-video-player,5,1,5,25,0,0
nova-video-player,6,1,6,2,0,0
nwtime,-6,0,0,4,0,0
nwtime,-5,0,0,10,0,0
nwtime,-4,0,0,4,0,0
nwtime,-3,0,0,3,0,0
nwtime,-2,0,0,5,0,0
nwtime,-1,0,0,7,0,0
nwtime,0,1,0,19,0,1
nwtime,1,1,1,10,0,0
nwtime,2,1,2,3,0,0
nwtime,3,1,3,9,0,0
nwtime,4,1,4,3,0,0
nwtime,5,1,5,0,0,0
nwtime,6,1,6,0,0,0
oapi-codegen,-6,0,0,0,0,0
oapi-codegen,-5,0,0,0,0,0
oapi-codegen,-4,0,0,0,0,0
oapi-codegen,-3,0,0,0,0,0
oapi-codegen,-2,0,0,3,0,0
oapi-codegen,-1,0,0,14,0,0
oapi-codegen,0,1,0,36,0,5
oapi-codegen,1,1,1,38,2,5
oapi-codegen,2,1,2,15,0,2
oapi-codegen,3,1,3,33,0,2
oapi-codegen,4,1,4,6,2,3
oapi-codegen,5,1,5,11,7,7
oapi-codegen,6,1,6,20,12,9
oatpp,-6,0,0,19,0,0
oatpp,-5,0,0,9,0,0
oatpp,-4,0,0,57,0,0
oatpp,-3,0,0,13,0,0
oatpp,-2,0,0,13,0,0
oatpp,-1,0,0,2,0,0
oatpp,0,1,0,37,0,1
oatpp,1,1,1,33,0,0
oatpp,2,1,2,47,1,1
oatpp,3,1,3,54,0,0
oatpp,4,1,4,8,0,0
oatpp,5,1,5,4,0,0
oatpp,6,1,6,10,0,1
oddbird,-6,0,0,0,0,0
oddbird,-5,0,0,37,0,0
oddbird,-4,0,0,0,0,0
oddbird,-3,0,0,0,0,0
oddbird,-2,0,0,0,0,0
oddbird,-1,0,0,0,0,0
oddbird,0,1,0,0,11,1
oddbird,1,1,1,0,0,0
oddbird,2,1,2,14,0,0
oddbird,3,1,3,42,0,0
oddbird,4,1,4,0,0,0
oddbird,5,1,5,4,0,0
oddbird,6,1,6,4,0,0
openinput-fw,-6,0,0,0,0,0
openinput-fw,-5,0,0,0,0,0
openinput-fw,-4,0,0,0,0,0
openinput-fw,-3,0,0,0,0,0
openinput-fw,-2,0,0,2,0,0
openinput-fw,-1,0,0,0,0,0
openinput-fw,0,1,0,0,0,1
openinput-fw,1,1,1,0,0,2
openinput-fw,2,1,2,0,0,0
openinput-fw,3,1,3,0,0,0
openinput-fw,4,1,4,16,1,1
openinput-fw,5,1,5,0,0,0
openinput-fw,6,1,6,38,0,0
openprivacytech,-6,0,0,0,0,0
openprivacytech,-5,0,0,0,0,0
openprivacytech,-4,0,0,0,0,0
openprivacytech,-3,0,0,3,0,0
openprivacytech,-2,0,0,4,0,0
openprivacytech,-1,0,0,0,0,0
openprivacytech,0,1,0,18,2,1
openprivacytech,1,1,1,22,0,0
openprivacytech,2,1,2,1,0,0
openprivacytech,3,1,3,12,0,0
openprivacytech,4,1,4,4,0,0
openprivacytech,5,1,5,4,0,0
openprivacytech,6,1,6,34,0,2
orangopus,-6,0,0,0,0,0
orangopus,-5,0,0,1,0,0
orangopus,-4,0,0,0,0,0
orangopus,-3,0,0,1,0,0
orangopus,-2,0,0,10,0,0
orangopus,-1,0,0,32,0,0
orangopus,0,1,0,13,1,1
orangopus,1,1,1,4,0,0
orangopus,2,1,2,0,0,0
orangopus,3,1,3,0,1,1
orangopus,4,1,4,1,0,1
orangopus,5,1,5,0,1,1
orangopus,6,1,6,0,1,1
orcasound,-6,0,0,0,0,0
orcasound,-5,0,0,0,0,0
orcasound,-4,0,0,0,0,0
orcasound,-3,0,0,0,0,0
orcasound,-2,0,0,2,0,0
orcasound,-1,0,0,0,0,0
orcasound,0,1,0,0,3,2
orcasound,1,1,1,21,76,26
orcasound,2,1,2,0,0,0
orcasound,3,1,3,0,0,0
orcasound,4,1,4,0,0,0
orcasound,5,1,5,25,0,0
orcasound,6,1,6,21,0,0
pdm-project,-6,0,0,0,0,0
pdm-project,-5,0,0,0,0,0
pdm-project,-4,0,0,0,0,0
pdm-project,-3,0,0,0,0,0
pdm-project,-2,0,0,2,0,0
pdm-project,-1,0,0,14,0,0
pdm-project,0,1,0,5,0,1
pdm-project,1,1,1,5,0,0
pdm-project,2,1,2,7,1,1
pdm-project,3,1,3,3,1,1
pdm-project,4,1,4,15,0,0
pdm-project,5,1,5,23,0,1
pdm-project,6,1,6,1,0,0
phpbb,-6,0,0,4,0,0
phpbb,-5,0,0,3,0,0
phpbb,-4,0,0,4,0,0
phpbb,-3,0,0,11,0,0
phpbb,-2,0,0,1,0,0
phpbb,-1,0,0,0,0,0
phpbb,0,1,0,15,0,1
phpbb,1,1,1,8,0,0
phpbb,2,1,2,10,0,0
phpbb,3,1,3,0,0,0
phpbb,4,1,4,8,0,0
phpbb,5,1,5,1,0,0
phpbb,6,1,6,3,0,0
pioniredu,-6,0,0,14,0,0
pioniredu,-5,0,0,0,0,0
pioniredu,-4,0,0,0,0,0
pioniredu,-3,0,0,14,0,0
pioniredu,-2,0,0,4,0,0
pioniredu,-1,0,0,0,0,0
pioniredu,0,1,0,1,3,1
pioniredu,1,1,1,0,0,0
pioniredu,2,1,2,5,0,0
pioniredu,3,1,3,7,1,1
pioniredu,4,1,4,10,0,0
pioniredu,5,1,5,11,0,0
pioniredu,6,1,6,3,0,0
planetary-social,-6,0,0,2,0,0
planetary-social,-5,0,0,11,0,0
planetary-social,-4,0,0,34,0,0
planetary-social,-3,0,0,3,0,0
planetary-social,-2,0,0,0,0,0
planetary-social,-1,0,0,5,0,0
planetary-social,0,1,0,1,0,1
planetary-social,1,1,1,4,0,0
planetary-social,2,1,2,8,0,0
planetary-social,3,1,3,15,0,0
planetary-social,4,1,4,44,0,0
planetary-social,5,1,5,22,0,0
planetary-social,6,1,6,8,0,0
poliastro,-6,0,0,0,0,0
poliastro,-5,0,0,0,0,0
poliastro,-4,0,0,0,0,0
poliastro,-3,0,0,0,0,0
poliastro,-2,0,0,0,0,0
poliastro,-1,0,0,0,0,0
poliastro,0,1,0,11,0,1
poliastro,1,1,1,43,7,4
poliastro,2,1,2,2,0,0
poliastro,3,1,3,2,0,0
poliastro,4,1,4,0,0,0
poliastro,5,1,5,0,0,0
poliastro,6,1,6,0,0,0
probe-rs,-6,0,0,3,0,0
probe-rs,-5,0,0,5,0,0
probe-rs,-4,0,0,0,0,0
probe-rs,-3,0,0,6,0,0
probe-rs,-2,0,0,9,0,0
probe-rs,-1,0,0,0,0,0
probe-rs,0,1,0,14,0,1
probe-rs,1,1,1,4,0,1
probe-rs,2,1,2,5,0,0
probe-rs,3,1,3,18,0,1
probe-rs,4,1,4,11,0,0
probe-rs,5,1,5,5,3,1
probe-rs,6,1,6,19,3,2
project-error,-6,0,0,4,0,0
project-error,-5,0,0,8,0,0
project-error,-4,0,0,52,0,0
project-error,-3,0,0,8,0,0
project-error,-2,0,0,7,0,0
project-error,-1,0,0,47,0,0
project-error,0,1,0,19,0,1
project-error,1,1,1,32,0,0
project-error,2,1,2,33,0,0
project-error,3,1,3,37,0,3
project-error,4,1,4,9,1,3
project-error,5,1,5,49,0,2
project-error,6,1,6,15,3,5
proyecto26,-6,0,0,7,0,0
proyecto26,-5,0,0,9,0,0
proyecto26,-4,0,0,2,0,0
proyecto26,-3,0,0,4,0,0
proyecto26,-2,0,0,0,0,0
proyecto26,-1,0,0,0,0,0
proyecto26,0,1,0,21,1,1
proyecto26,1,1,1,5,0,0
proyecto26,2,1,2,11,0,0
proyecto26,3,1,3,25,0,0
proyecto26,4,1,4,41,0,0
proyecto26,5,1,5,0,1,1
proyecto26,6,1,6,0,0,0
public-transport,-6,0,0,0,0,0
public-transport,-5,0,0,3,0,0
public-transport,-4,0,0,2,0,0
public-transport,-3,0,0,8,0,0
public-transport,-2,0,0,4,0,0
public-transport,-1,0,0,0,0,0
public-transport,0,1,0,14,3,4
public-transport,1,1,1,2,0,0
public-transport,2,1,2,0,0,0
public-transport,3,1,3,8,9,4
public-transport,4,1,4,10,0,0
public-transport,5,1,5,1,36,3
public-transport,6,1,6,11,68,10
qruto,-6,0,0,8,0,0
qruto,-5,0,0,4,0,0
qruto,-4,0,0,3,0,0
qruto,-3,0,0,8,0,0
qruto,-2,0,0,10,0,0
qruto,-1,0,0,5,0,0
qruto,0,1,0,4,1,1
qruto,1,1,1,19,0,0
qruto,2,1,2,25,0,0
qruto,3,1,3,10,0,0
qruto,4,1,4,7,0,0
qruto,5,1,5,3,0,0
qruto,6,1,6,12,0,0
rapid-sensemaking-framework,-6,0,0,38,0,0
rapid-sensemaking-framework,-5,0,0,8,0,0
rapid-sensemaking-framework,-4,0,0,0,0,0
rapid-sensemaking-framework,-3,0,0,11,0,0
rapid-sensemaking-framework,-2,0,0,15,0,0
rapid-sensemaking-framework,-1,0,0,28,0,0
rapid-sensemaking-framework,0,1,0,105,1,8
rapid-sensemaking-framework,1,1,1,7,0,3
rapid-sensemaking-framework,2,1,2,43,0,0
rapid-sensemaking-framework,3,1,3,64,0,8
rapid-sensemaking-framework,4,1,4,22,5,10
rapid-sensemaking-framework,5,1,5,11,0,1
rapid-sensemaking-framework,6,1,6,0,0,1
rchain-community,-6,0,0,0,0,0
rchain-community,-5,0,0,0,0,0
rchain-community,-4,0,0,0,0,0
rchain-community,-3,0,0,0,0,0
rchain-community,-2,0,0,0,0,0
rchain-community,-1,0,0,0,0,0
rchain-community,0,1,0,0,4,1
rchain-community,1,1,1,0,1,1
rchain-community,2,1,2,2,0,0
rchain-community,3,1,3,22,17,4
rchain-community,4,1,4,5,2,1
rchain-community,5,1,5,15,0,0
rchain-community,6,1,6,56,16,15
react-figma,-6,0,0,13,0,0
react-figma,-5,0,0,0,0,0
react-figma,-4,0,0,0,0,0
react-figma,-3,0,0,0,0,0
react-figma,-2,0,0,8,0,0
react-figma,-1,0,0,0,0,0
react-figma,0,1,0,2,0,1
react-figma,1,1,1,6,0,0
react-figma,2,1,2,7,0,0
react-figma,3,1,3,49,0,2
react-figma,4,1,4,4,1,1
react-figma,5,1,5,18,0,0
react-figma,6,1,6,26,0,0
reallyreadit,-6,0,0,3,0,0
reallyreadit,-5,0,0,4,0,0
reallyreadit,-4,0,0,0,0,0
reallyreadit,-3,0,0,7,0,0
reallyreadit,-2,0,0,19,0,0
reallyreadit,-1,0,0,17,0,0
reallyreadit,0,1,0,25,0,1
reallyreadit,1,1,1,16,0,1
reallyreadit,2,1,2,0,0,0
reallyreadit,3,1,3,1,0,1
reallyreadit,4,1,4,0,0,0
reallyreadit,5,1,5,0,0,3
reallyreadit,6,1,6,37,1,3
reconmap,-6,0,0,21,0,0
reconmap,-5,0,0,13,0,0
reconmap,-4,0,0,2,0,0
reconmap,-3,0,0,0,0,0
reconmap,-2,0,0,1,0,0
reconmap,-1,0,0,6,0,0
reconmap,0,1,0,0,2,2
reconmap,1,1,1,0,0,0
reconmap,2,1,2,0,24,1
reconmap,3,1,3,1,0,0
reconmap,4,1,4,0,2,1
reconmap,5,1,5,3,29,6
reconmap,6,1,6,13,0,0
redeclipse,-6,0,0,11,0,0
redeclipse,-5,0,0,61,0,0
redeclipse,-4,0,0,0,0,0
redeclipse,-3,0,0,1,0,0
redeclipse,-2,0,0,1,0,0
redeclipse,-1,0,0,0,0,0
redeclipse,0,1,0,0,0,1
redeclipse,1,1,1,0,0,0
redeclipse,2,1,2,0,0,0
redeclipse,3,1,3,1,0,0
redeclipse,4,1,4,0,0,0
redeclipse,5,1,5,0,0,0
redeclipse,6,1,6,0,0,0
rekit,-6,0,0,68,0,0
rekit,-5,0,0,25,0,0
rekit,-4,0,0,10,0,0
rekit,-3,0,0,1,0,0
rekit,-2,0,0,14,0,0
rekit,-1,0,0,1,0,0
rekit,0,1,0,3,0,7
rekit,1,1,1,2,0,0
rekit,2,1,2,0,0,0
rekit,3,1,3,15,0,1
rekit,4,1,4,11,2,4
rekit,5,1,5,4,0,2
rekit,6,1,6,1,3,3
reqnroll,-6,0,0,0,0,0
reqnroll,-5,0,0,0,0,0
reqnroll,-4,0,0,0,0,0
reqnroll,-3,0,0,0,0,0
reqnroll,-2,0,0,6,0,0
reqnroll,-1,0,0,26,0,0
reqnroll,0,1,0,2,11,3
reqnroll,1,1,1,12,1,1
reqnroll,2,1,2,14,10,2
reqnroll,3,1,3,6,0,0
reqnroll,4,1,4,12,18,1
reqnroll,5,1,5,5,27,8
reqnroll,6,1,6,6,15,8
retejs,-6,0,0,0,0,0
retejs,-5,0,0,0,0,0
retejs,-4,0,0,0,0,0
retejs,-3,0,0,0,0,0
retejs,-2,0,0,0,0,0
retejs,-1,0,0,4,0,0
retejs,0,1,0,18,0,2
retejs,1,1,1,17,0,0
retejs,2,1,2,33,0,0
retejs,3,1,3,2,1,1
retejs,4,1,4,23,2,2
retejs,5,1,5,38,0,0
retejs,6,1,6,10,3,1
riffcc,-6,0,0,9,0,0
riffcc,-5,0,0,24,0,0
riffcc,-4,0,0,11,0,0
riffcc,-3,0,0,65,0,0
riffcc,-2,0,0,127,0,0
riffcc,-1,0,0,9,0,0
riffcc,0,1,0,25,0,1
riffcc,1,1,1,5,0,0
riffcc,2,1,2,3,0,0
riffcc,3,1,3,0,0,0
riffcc,4,1,4,0,0,0
riffcc,5,1,5,0,0,0
riffcc,6,1,6,5,0,0
rough-stuff,-6,0,0,0,0,0
rough-stuff,-5,0,0,8,0,0
rough-stuff,-4,0,0,0,0,0
rough-stuff,-3,0,0,0,0,0
rough-stuff,-2,0,0,8,0,0
rough-stuff,-1,0,0,0,0,0
rough-stuff,0,1,0,0,2,1
rough-stuff,1,1,1,0,0,0
rough-stuff,2,1,2,11,11,7
rough-stuff,3,1,3,46,25,7
rough-stuff,4,1,4,2,2,1
rough-stuff,5,1,5,0,2,1
rough-stuff,6,1,6,0,2,1
rust-lang-ru,-6,0,0,0,0,0
rust-lang-ru,-5,0,0,0,0,0
rust-lang-ru,-4,0,0,0,0,0
rust-lang-ru,-3,0,0,0,0,0
rust-lang-ru,-2,0,0,0,0,0
rust-lang-ru,-1,0,0,0,0,0
rust-lang-ru,0,1,0,0,4,1
rust-lang-ru,1,1,1,0,26,14
rust-lang-ru,2,1,2,9,2,1
rust-lang-ru,3,1,3,21,4,2
rust-lang-ru,4,1,4,30,0,0
rust-lang-ru,5,1,5,0,0,1
rust-lang-ru,6,1,6,0,0,0
rx-angular,-6,0,0,5,0,0
rx-angular,-5,0,0,0,0,0
rx-angular,-4,0,0,27,0,0
rx-angular,-3,0,0,0,0,0
rx-angular,-2,0,0,1,0,0
rx-angular,-1,0,0,16,0,0
rx-angular,0,1,0,3,2,1
rx-angular,1,1,1,0,0,0
rx-angular,2,1,2,0,0,0
rx-angular,3,1,3,0,0,0
rx-angular,4,1,4,0,0,0
rx-angular,5,1,5,0,0,0
rx-angular,6,1,6,0,0,0
scanapi,-6,0,0,0,0,0
scanapi,-5,0,0,0,0,0
scanapi,-4,0,0,0,0,0
scanapi,-3,0,0,0,0,0
scanapi,-2,0,0,0,0,0
scanapi,-1,0,0,2,0,0
scanapi,0,1,0,0,0,1
scanapi,1,1,1,10,7,2
scanapi,2,1,2,4,0,1
scanapi,3,1,3,13,0,1
scanapi,4,1,4,27,0,0
scanapi,5,1,5,1,0,4
scanapi,6,1,6,0,0,0
scidsg,-6,0,0,0,0,0
scidsg,-5,0,0,0,0,0
scidsg,-4,0,0,0,0,0
scidsg,-3,0,0,0,0,0
scidsg,-2,0,0,0,0,0
scidsg,-1,0,0,0,0,0
scidsg,0,1,0,0,0,1
scidsg,1,1,1,0,0,0
scidsg,2,1,2,13,0,0
scidsg,3,1,3,9,0,12
scidsg,4,1,4,5,0,0
scidsg,5,1,5,0,0,0
scidsg,6,1,6,48,0,7
semantic-release,-6,0,0,0,0,0
semantic-release,-5,0,0,0,0,0
semantic-release,-4,0,0,0,0,0
semantic-release,-3,0,0,12,0,0
semantic-release,-2,0,0,9,0,0
semantic-release,-1,0,0,10,0,0
semantic-release,0,1,0,10,5,1
semantic-release,1,1,1,0,21,1
semantic-release,2,1,2,5,3,1
semantic-release,3,1,3,6,2,2
semantic-release,4,1,4,7,0,1
semantic-release,5,1,5,13,0,0
semantic-release,6,1,6,11,0,0
spacedriveapp,-6,0,0,45,0,0
spacedriveapp,-5,0,0,18,0,0
spacedriveapp,-4,0,0,18,0,0
spacedriveapp,-3,0,0,57,0,0
spacedriveapp,-2,0,0,27,0,0
spacedriveapp,-1,0,0,21,0,0
spacedriveapp,0,1,0,18,0,1
spacedriveapp,1,1,1,1,0,0
spacedriveapp,2,1,2,0,0,0
spacedriveapp,3,1,3,21,0,0
spacedriveapp,4,1,4,0,1,1
spacedriveapp,5,1,5,30,0,0
spacedriveapp,6,1,6,63,0,1
spaceship-prompt,-6,0,0,33,0,0
spaceship-prompt,-5,0,0,12,0,0
spaceship-prompt,-4,0,0,0,0,0
spaceship-prompt,-3,0,0,3,0,0
spaceship-prompt,-2,0,0,29,0,0
spaceship-prompt,-1,0,0,10,0,0
spaceship-prompt,0,1,0,7,0,1
spaceship-prompt,1,1,1,0,0,0
spaceship-prompt,2,1,2,34,0,1
spaceship-prompt,3,1,3,0,0,0
spaceship-prompt,4,1,4,0,0,0
spaceship-prompt,5,1,5,0,0,0
spaceship-prompt,6,1,6,0,0,1
styleguidist,-6,0,0,1,0,0
styleguidist,-5,0,0,5,0,0
styleguidist,-4,0,0,0,0,0
styleguidist,-3,0,0,3,0,0
styleguidist,-2,0,0,0,0,0
styleguidist,-1,0,0,16,0,0
styleguidist,0,1,0,21,15,2
styleguidist,1,1,1,3,0,0
styleguidist,2,1,2,8,0,0
styleguidist,3,1,3,5,0,0
styleguidist,4,1,4,1,0,0
styleguidist,5,1,5,4,0,0
styleguidist,6,1,6,2,0,0
supabase,-6,0,0,4,0,0
supabase,-5,0,0,0,0,0
supabase,-4,0,0,20,0,0
supabase,-3,0,0,2,0,0
supabase,-2,0,0,2,0,0
supabase,-1,0,0,34,0,0
supabase,0,1,0,16,38,2
supabase,1,1,1,0,0,2
supabase,2,1,2,10,2,2
supabase,3,1,3,50,28,32
supabase,4,1,4,2,0,0
supabase,5,1,5,56,0,0
supabase,6,1,6,32,0,4
tako-discord,-6,0,0,7,0,0
tako-discord,-5,0,0,0,0,0
tako-discord,-4,0,0,0,0,0
tako-discord,-3,0,0,0,0,0
tako-discord,-2,0,0,17,0,0
tako-discord,-1,0,0,2,0,0
tako-discord,0,1,0,1,3,4
tako-discord,1,1,1,5,0,0
tako-discord,2,1,2,7,0,0
tako-discord,3,1,3,17,5,1
tako-discord,4,1,4,7,0,0
tako-discord,5,1,5,6,0,0
tako-discord,6,1,6,13,0,0
tenacityteam,-6,0,0,0,0,0
tenacityteam,-5,0,0,1,0,0
tenacityteam,-4,0,0,0,0,0
tenacityteam,-3,0,0,0,0,0
tenacityteam,-2,0,0,29,0,0
tenacityteam,-1,0,0,3,0,0
tenacityteam,0,1,0,10,0,3
tenacityteam,1,1,1,2,3,5
tenacityteam,2,1,2,0,48,3
tenacityteam,3,1,3,16,14,4
tenacityteam,4,1,4,3,12,5
tenacityteam,5,1,5,6,3,4
tenacityteam,6,1,6,1,6,3
termux-pacman,-6,0,0,6,0,0
termux-pacman,-5,0,0,14,0,0
termux-pacman,-4,0,0,16,0,0
termux-pacman,-3,0,0,1,0,0
termux-pacman,-2,0,0,14,0,0
termux-pacman,-1,0,0,0,0,0
termux-pacman,0,1,0,6,0,1
termux-pacman,1,1,1,10,0,0
termux-pacman,2,1,2,6,0,0
termux-pacman,3,1,3,3,3,2
termux-pacman,4,1,4,0,1,3
termux-pacman,5,1,5,5,0,0
termux-pacman,6,1,6,2,2,1
tokio-rs,-6,0,0,0,0,0
tokio-rs,-5,0,0,0,0,0
tokio-rs,-4,0,0,0,0,0
tokio-rs,-3,0,0,0,0,0
tokio-rs,-2,0,0,0,0,0
tokio-rs,-1,0,0,0,0,0
tokio-rs,0,1,0,7,8,2
tokio-rs,1,1,1,33,2,3
tokio-rs,2,1,2,11,12,2
tokio-rs,3,1,3,19,4,1
tokio-rs,4,1,4,23,22,6
tokio-rs,5,1,5,42,20,6
tokio-rs,6,1,6,5,2,2
top-think,-6,0,0,0,0,0
top-think,-5,0,0,0,0,0
top-think,-4,0,0,0,0,0
top-think,-3,0,0,0,0,0
top-think,-2,0,0,0,0,0
top-think,-1,0,0,1,0,0
top-think,0,1,0,0,0,2
top-think,1,1,1,8,0,1
top-think,2,1,2,18,0,1
top-think,3,1,3,7,4,3
top-think,4,1,4,2,0,2
top-think,5,1,5,13,0,1
top-think,6,1,6,34,1,2
trynoice,-6,0,0,31,0,0
trynoice,-5,0,0,1,0,0
trynoice,-4,0,0,12,0,0
trynoice,-3,0,0,2,0,0
trynoice,-2,0,0,9,0,0
trynoice,-1,0,0,5,0,0
trynoice,0,1,0,1,0,1
trynoice,1,1,1,13,0,0
trynoice,2,1,2,21,0,0
trynoice,3,1,3,2,4,1
trynoice,4,1,4,2,0,0
trynoice,5,1,5,0,0,0
trynoice,6,1,6,0,0,0
ueberdosis,-6,0,0,4,0,0
ueberdosis,-5,0,0,4,0,0
ueberdosis,-4,0,0,26,0,0
ueberdosis,-3,0,0,15,0,0
ueberdosis,-2,0,0,0,0,0
ueberdosis,-1,0,0,3,0,0
ueberdosis,0,1,0,2,0,1
ueberdosis,1,1,1,22,0,0
ueberdosis,2,1,2,13,0,0
ueberdosis,3,1,3,0,0,0
ueberdosis,4,1,4,4,0,0
ueberdosis,5,1,5,27,0,0
ueberdosis,6,1,6,28,4,2
un-ts,-6,0,0,3,0,0
un-ts,-5,0,0,7,0,0
un-ts,-4,0,0,3,0,0
un-ts,-3,0,0,9,0,0
un-ts,-2,0,0,0,0,0
un-ts,-1,0,0,0,0,0
un-ts,0,1,0,0,3,4
un-ts,1,1,1,7,1,5
un-ts,2,1,2,0,0,0
un-ts,3,1,3,0,0,0
un-ts,4,1,4,0,0,0
un-ts,5,1,5,6,0,0
un-ts,6,1,6,36,1,1
unigraph-dev,-6,0,0,6,0,0
unigraph-dev,-5,0,0,0,0,0
unigraph-dev,-4,0,0,0,0,0
unigraph-dev,-3,0,0,1,0,0
unigraph-dev,-2,0,0,0,0,0
unigraph-dev,-1,0,0,8,0,0
unigraph-dev,0,1,0,24,6,2
unigraph-dev,1,1,1,3,5,5
unigraph-dev,2,1,2,1,1,6
unigraph-dev,3,1,3,4,0,0
unigraph-dev,4,1,4,5,0,0
unigraph-dev,5,1,5,3,1,3
unigraph-dev,6,1,6,0,0,0
urduhack,-6,0,0,7,0,0
urduhack,-5,0,0,3,0,0
urduhack,-4,0,0,0,0,0
urduhack,-3,0,0,26,0,0
urduhack,-2,0,0,9,0,0
urduhack,-1,0,0,6,0,0
urduhack,0,1,0,0,1,1
urduhack,1,1,1,1,0,0
urduhack,2,1,2,1,0,2
urduhack,3,1,3,4,4,4
urduhack,4,1,4,1,0,1
urduhack,5,1,5,0,0,0
urduhack,6,1,6,0,0,0
vanilla-rtb,-6,0,0,8,0,0
vanilla-rtb,-5,0,0,4,0,0
vanilla-rtb,-4,0,0,9,0,0
vanilla-rtb,-3,0,0,26,0,0
vanilla-rtb,-2,0,0,15,0,0
vanilla-rtb,-1,0,0,7,0,0
vanilla-rtb,0,1,0,35,3,1
vanilla-rtb,1,1,1,4,2,1
vanilla-rtb,2,1,2,8,0,0
vanilla-rtb,3,1,3,0,0,0
vanilla-rtb,4,1,4,0,0,0
vanilla-rtb,5,1,5,11,0,0
vanilla-rtb,6,1,6,0,0,0
vuepress-theme-hope,-6,0,0,0,0,0
vuepress-theme-hope,-5,0,0,26,0,0
vuepress-theme-hope,-4,0,0,0,0,0
vuepress-theme-hope,-3,0,0,0,0,0
vuepress-theme-hope,-2,0,0,0,0,0
vuepress-theme-hope,-1,0,0,5,0,0
vuepress-theme-hope,0,1,0,2,0,1
vuepress-theme-hope,1,1,1,2,0,0
vuepress-theme-hope,2,1,2,10,1,5
vuepress-theme-hope,3,1,3,26,3,2
vuepress-theme-hope,4,1,4,0,0,0
vuepress-theme-hope,5,1,5,0,6,2
vuepress-theme-hope,6,1,6,2,2,1
waydroid,-6,0,0,1,0,0
waydroid,-5,0,0,9,0,0
waydroid,-4,0,0,20,0,0
waydroid,-3,0,0,56,0,0
waydroid,-2,0,0,24,0,0
waydroid,-1,0,0,75,0,0
waydroid,0,1,0,7,5,2
waydroid,1,1,1,10,0,0
waydroid,2,1,2,20,0,0
waydroid,3,1,3,5,0,0
waydroid,4,1,4,7,0,0
waydroid,5,1,5,1,0,0
waydroid,6,1,6,4,0,0
webrecorder,-6,0,0,0,0,0
webrecorder,-5,0,0,0,0,0
webrecorder,-4,0,0,14,0,0
webrecorder,-3,0,0,2,0,0
webrecorder,-2,0,0,43,0,0
webrecorder,-1,0,0,3,0,0
webrecorder,0,1,0,10,5,2
webrecorder,1,1,1,6,0,1
webrecorder,2,1,2,9,0,1
webrecorder,3,1,3,1,3,1
webrecorder,4,1,4,0,0,0
webrecorder,5,1,5,4,0,0
webrecorder,6,1,6,0,0,1
world-class,-6,0,0,0,0,0
world-class,-5,0,0,0,0,0
world-class,-4,0,0,0,0,0
world-class,-3,0,0,2,0,0
world-class,-2,0,0,0,0,0
world-class,-1,0,0,36,0,0
world-class,0,1,0,0,0,2
world-class,1,1,1,2,0,0
world-class,2,1,2,7,0,0
world-class,3,1,3,6,0,0
world-class,4,1,4,6,1,1
world-class,5,1,5,5,0,0
world-class,6,1,6,1,0,1
your-digital-rights,-6,0,0,0,0,0
your-digital-rights,-5,0,0,0,0,0
your-digital-rights,-4,0,0,0,0,0
your-digital-rights,-3,0,0,0,0,0
your-digital-rights,-2,0,0,5,0,0
your-digital-rights,-1,0,0,9,0,0
your-digital-rights,0,1,0,28,1,9
your-digital-rights,1,1,1,3,0,0
your-digital-rights,2,1,2,0,0,0
your-digital-rights,3,1,3,2,0,0
your-digital-rights,4,1,4,0,0,0
your-digital-rights,5,1,5,4,0,0
your-digital-rights,6,1,6,0,0,0
zrythm,-6,0,0,0,0,0
zrythm,-5,0,0,0,0,0
zrythm,-4,0,0,0,0,0
zrythm,-3,0,0,6,0,0
zrythm,-2,0,0,22,0,0
zrythm,-1,0,0,17,0,0
zrythm,0,1,0,23,0,1
zrythm,1,1,1,0,0,0
zrythm,2,1,2,0,0,0
zrythm,3,1,3,0,0,0
zrythm,4,1,4,0,0,0
zrythm,5,1,5,0,0,0
zrythm,6,1,6,0,0,0
