slug,index,Intervention,Time_after_intervention,releases_count,comments,amounts
abelljs,-6,0,0,0,0,0
abelljs,-5,0,0,0,0,0
abelljs,-4,0,0,0,0,0
abelljs,-3,0,0,0,0,0
abelljs,-2,0,0,0,0,0
abelljs,-1,0,0,0,0,0
abelljs,0,1,0,7,19,2
abelljs,1,1,1,1,12,1
abelljs,2,1,2,1,0,0
abelljs,3,1,3,1,28,6
abelljs,4,1,4,3,8,3
abelljs,5,1,5,7,0,0
abelljs,6,1,6,2,1,1
aspect-build,-6,0,0,0,0,0
aspect-build,-5,0,0,0,0,0
aspect-build,-4,0,0,1,0,0
aspect-build,-3,0,0,0,0,0
aspect-build,-2,0,0,1,0,0
aspect-build,-1,0,0,0,0,0
aspect-build,0,1,0,3,0,1
aspect-build,1,1,1,1,5,1
aspect-build,2,1,2,0,0,0
aspect-build,3,1,3,0,0,0
aspect-build,4,1,4,1,0,0
aspect-build,5,1,5,7,0,0
aspect-build,6,1,6,11,2,5
async-rs,-6,0,0,0,0,0
async-rs,-5,0,0,0,0,0
async-rs,-4,0,0,0,0,0
async-rs,-3,0,0,0,0,0
async-rs,-2,0,0,0,0,0
async-rs,-1,0,0,0,0,0
async-rs,0,1,0,0,1,1
async-rs,1,1,1,0,4,5
async-rs,2,1,2,4,4,4
async-rs,3,1,3,3,8,2
async-rs,4,1,4,5,0,0
async-rs,5,1,5,2,3,1
async-rs,6,1,6,0,0,0
azerothcore,-6,0,0,1,0,0
azerothcore,-5,0,0,0,0,0
azerothcore,-4,0,0,0,0,0
azerothcore,-3,0,0,0,0,0
azerothcore,-2,0,0,1,0,0
azerothcore,-1,0,0,0,0,0
azerothcore,0,1,0,4,2,1
azerothcore,1,1,1,0,0,0
azerothcore,2,1,2,0,0,0
azerothcore,3,1,3,3,0,0
azerothcore,4,1,4,1,0,0
azerothcore,5,1,5,1,0,0
azerothcore,6,1,6,0,0,0
boot-clj,-6,0,0,3,0,0
boot-clj,-5,0,0,1,0,0
boot-clj,-4,0,0,2,0,0
boot-clj,-3,0,0,0,0,0
boot-clj,-2,0,0,0,0,0
boot-clj,-1,0,0,1,0,0
boot-clj,0,1,0,1,11,1
boot-clj,1,1,1,4,0,0
boot-clj,2,1,2,0,8,1
boot-clj,3,1,3,10,0,0
boot-clj,4,1,4,6,5,1
boot-clj,5,1,5,3,0,0
boot-clj,6,1,6,2,0,2
bootscore,-6,0,0,1,0,0
bootscore,-5,0,0,0,0,0
bootscore,-4,0,0,7,0,0
bootscore,-3,0,0,5,0,0
bootscore,-2,0,0,2,0,0
bootscore,-1,0,0,3,0,0
bootscore,0,1,0,1,16,1
bootscore,1,1,1,1,0,0
bootscore,2,1,2,4,0,0
bootscore,3,1,3,2,1,1
bootscore,4,1,4,1,0,0
bootscore,5,1,5,4,0,0
bootscore,6,1,6,5,0,0
bootstrap-vue-next,-6,0,0,0,0,0
bootstrap-vue-next,-5,0,0,0,0,0
bootstrap-vue-next,-4,0,0,0,0,0
bootstrap-vue-next,-3,0,0,0,0,0
bootstrap-vue-next,-2,0,0,0,0,0
bootstrap-vue-next,-1,0,0,0,0,0
bootstrap-vue-next,0,1,0,0,24,13
bootstrap-vue-next,1,1,1,0,31,17
bootstrap-vue-next,2,1,2,16,0,0
bootstrap-vue-next,3,1,3,10,0,0
bootstrap-vue-next,4,1,4,4,0,0
bootstrap-vue-next,5,1,5,0,0,0
bootstrap-vue-next,6,1,6,0,0,0
bugbakery,-6,0,0,0,0,0
bugbakery,-5,0,0,0,0,0
bugbakery,-4,0,0,0,0,0
bugbakery,-3,0,0,0,0,0
bugbakery,-2,0,0,1,0,0
bugbakery,-1,0,0,3,0,0
bugbakery,0,1,0,1,0,1
bugbakery,1,1,1,3,0,0
bugbakery,2,1,2,4,0,0
bugbakery,3,1,3,1,0,1
bugbakery,4,1,4,0,0,0
bugbakery,5,1,5,0,0,0
bugbakery,6,1,6,0,0,0
casbin,-6,0,0,1,0,0
casbin,-5,0,0,0,0,0
casbin,-4,0,0,1,0,0
casbin,-3,0,0,1,0,0
casbin,-2,0,0,3,0,0
casbin,-1,0,0,2,0,0
casbin,0,1,0,1,11,1
casbin,1,1,1,2,0,0
casbin,2,1,2,1,0,0
casbin,3,1,3,3,0,0
casbin,4,1,4,10,0,0
casbin,5,1,5,6,0,0
casbin,6,1,6,2,0,0
cncjs,-6,0,0,2,0,0
cncjs,-5,0,0,0,0,0
cncjs,-4,0,0,0,0,0
cncjs,-3,0,0,0,0,0
cncjs,-2,0,0,1,0,0
cncjs,-1,0,0,2,0,0
cncjs,0,1,0,18,0,1
cncjs,1,1,1,8,21,4
cncjs,2,1,2,5,0,0
cncjs,3,1,3,11,0,0
cncjs,4,1,4,1,0,0
cncjs,5,1,5,3,1,1
cncjs,6,1,6,2,0,0
commitizen-tools,-6,0,0,0,0,0
commitizen-tools,-5,0,0,0,0,0
commitizen-tools,-4,0,0,3,0,0
commitizen-tools,-3,0,0,4,0,0
commitizen-tools,-2,0,0,5,0,0
commitizen-tools,-1,0,0,0,0,0
commitizen-tools,0,1,0,1,7,2
commitizen-tools,1,1,1,1,12,3
commitizen-tools,2,1,2,1,6,3
commitizen-tools,3,1,3,1,14,6
commitizen-tools,4,1,4,3,5,4
commitizen-tools,5,1,5,1,0,2
commitizen-tools,6,1,6,1,11,10
cpeditor,-6,0,0,0,0,0
cpeditor,-5,0,0,0,0,0
cpeditor,-4,0,0,0,0,0
cpeditor,-3,0,0,0,0,0
cpeditor,-2,0,0,0,0,0
cpeditor,-1,0,0,0,0,0
cpeditor,0,1,0,0,11,1
cpeditor,1,1,1,0,0,2
cpeditor,2,1,2,0,4,1
cpeditor,3,1,3,0,0,0
cpeditor,4,1,4,2,0,0
cpeditor,5,1,5,4,0,0
cpeditor,6,1,6,5,0,1
cssnano,-6,0,0,4,0,0
cssnano,-5,0,0,1,0,0
cssnano,-4,0,0,3,0,0
cssnano,-3,0,0,2,0,0
cssnano,-2,0,0,0,0,0
cssnano,-1,0,0,1,0,0
cssnano,0,1,0,0,5,1
cssnano,1,1,1,1,0,0
cssnano,2,1,2,0,3,3
cssnano,3,1,3,0,3,2
cssnano,4,1,4,0,0,0
cssnano,5,1,5,1,2,1
cssnano,6,1,6,1,10,5
csstools,-6,0,0,2,0,0
csstools,-5,0,0,1,0,0
csstools,-4,0,0,0,0,0
csstools,-3,0,0,0,0,0
csstools,-2,0,0,2,0,0
csstools,-1,0,0,2,0,0
csstools,0,1,0,9,0,1
csstools,1,1,1,2,1,2
csstools,2,1,2,3,0,0
csstools,3,1,3,0,0,0
csstools,4,1,4,0,0,0
csstools,5,1,5,0,0,0
csstools,6,1,6,0,0,0
csstree,-6,0,0,0,0,0
csstree,-5,0,0,3,0,0
csstree,-4,0,0,1,0,0
csstree,-3,0,0,2,0,0
csstree,-2,0,0,1,0,0
csstree,-1,0,0,7,0,0
csstree,0,1,0,3,7,1
csstree,1,1,1,0,0,0
csstree,2,1,2,0,0,0
csstree,3,1,3,0,0,0
csstree,4,1,4,0,4,2
csstree,5,1,5,2,0,0
csstree,6,1,6,1,0,0
dbgate,-6,0,0,0,0,0
dbgate,-5,0,0,0,0,0
dbgate,-4,0,0,0,0,0
dbgate,-3,0,0,0,0,0
dbgate,-2,0,0,0,0,0
dbgate,-1,0,0,0,0,0
dbgate,0,1,0,0,0,1
dbgate,1,1,1,0,22,10
dbgate,2,1,2,0,10,19
dbgate,3,1,3,12,0,0
dbgate,4,1,4,10,0,0
dbgate,5,1,5,8,0,0
dbgate,6,1,6,0,0,0
denosaurs,-6,0,0,0,0,0
denosaurs,-5,0,0,0,0,0
denosaurs,-4,0,0,0,0,0
denosaurs,-3,0,0,4,0,0
denosaurs,-2,0,0,1,0,0
denosaurs,-1,0,0,0,0,0
denosaurs,0,1,0,7,1,1
denosaurs,1,1,1,9,38,2
denosaurs,2,1,2,3,0,0
denosaurs,3,1,3,18,2,1
denosaurs,4,1,4,29,6,2
denosaurs,5,1,5,18,14,5
denosaurs,6,1,6,6,0,0
docksal,-6,0,0,1,0,0
docksal,-5,0,0,2,0,0
docksal,-4,0,0,0,0,0
docksal,-3,0,0,1,0,0
docksal,-2,0,0,1,0,0
docksal,-1,0,0,3,0,0
docksal,0,1,0,6,0,4
docksal,1,1,1,1,0,0
docksal,2,1,2,0,0,0
docksal,3,1,3,0,0,0
docksal,4,1,4,0,0,0
docksal,5,1,5,0,1,2
docksal,6,1,6,1,0,0
electerm,-6,0,0,0,0,0
electerm,-5,0,0,0,0,0
electerm,-4,0,0,0,0,0
electerm,-3,0,0,0,0,0
electerm,-2,0,0,2,0,0
electerm,-1,0,0,1,0,0
electerm,0,1,0,8,28,13
electerm,1,1,1,3,26,17
electerm,2,1,2,8,0,0
electerm,3,1,3,5,0,0
electerm,4,1,4,3,0,0
electerm,5,1,5,0,0,0
electerm,6,1,6,0,0,0
final-form,-6,0,0,0,0,0
final-form,-5,0,0,0,0,0
final-form,-4,0,0,0,0,0
final-form,-3,0,0,0,0,0
final-form,-2,0,0,0,0,0
final-form,-1,0,0,6,0,0
final-form,0,1,0,6,3,1
final-form,1,1,1,1,0,0
final-form,2,1,2,3,0,0
final-form,3,1,3,0,0,0
final-form,4,1,4,0,0,0
final-form,5,1,5,5,0,0
final-form,6,1,6,1,1,2
flutter-webrtc,-6,0,0,0,0,0
flutter-webrtc,-5,0,0,2,0,0
flutter-webrtc,-4,0,0,4,0,0
flutter-webrtc,-3,0,0,2,0,0
flutter-webrtc,-2,0,0,1,0,0
flutter-webrtc,-1,0,0,4,0,0
flutter-webrtc,0,1,0,2,4,7
flutter-webrtc,1,1,1,4,6,8
flutter-webrtc,2,1,2,2,8,15
flutter-webrtc,3,1,3,4,0,0
flutter-webrtc,4,1,4,3,0,0
flutter-webrtc,5,1,5,2,0,0
flutter-webrtc,6,1,6,0,0,0
flyimg,-6,0,0,0,0,0
flyimg,-5,0,0,4,0,0
flyimg,-4,0,0,5,0,0
flyimg,-3,0,0,3,0,0
flyimg,-2,0,0,3,0,0
flyimg,-1,0,0,2,0,0
flyimg,0,1,0,1,1,1
flyimg,1,1,1,0,0,0
flyimg,2,1,2,0,0,0
flyimg,3,1,3,1,0,0
flyimg,4,1,4,0,0,0
flyimg,5,1,5,0,0,0
flyimg,6,1,6,0,0,0
gdm-settings,-6,0,0,0,0,0
gdm-settings,-5,0,0,0,0,0
gdm-settings,-4,0,0,0,0,0
gdm-settings,-3,0,0,0,0,0
gdm-settings,-2,0,0,0,0,0
gdm-settings,-1,0,0,3,0,0
gdm-settings,0,1,0,1,2,1
gdm-settings,1,1,1,1,2,2
gdm-settings,2,1,2,0,0,0
gdm-settings,3,1,3,0,0,0
gdm-settings,4,1,4,5,0,0
gdm-settings,5,1,5,2,42,1
gdm-settings,6,1,6,1,0,0
hoppscotch,-6,0,0,2,0,0
hoppscotch,-5,0,0,3,0,0
hoppscotch,-4,0,0,3,0,0
hoppscotch,-3,0,0,5,0,0
hoppscotch,-2,0,0,3,0,0
hoppscotch,-1,0,0,1,0,0
hoppscotch,0,1,0,3,9,30
hoppscotch,1,1,1,1,0,0
hoppscotch,2,1,2,5,0,0
hoppscotch,3,1,3,2,0,0
hoppscotch,4,1,4,0,0,0
hoppscotch,5,1,5,0,0,0
hoppscotch,6,1,6,0,0,0
immers-space,-6,0,0,0,0,0
immers-space,-5,0,0,0,0,0
immers-space,-4,0,0,0,0,0
immers-space,-3,0,0,0,0,0
immers-space,-2,0,0,0,0,0
immers-space,-1,0,0,1,0,0
immers-space,0,1,0,2,10,2
immers-space,1,1,1,4,1,4
immers-space,2,1,2,2,1,1
immers-space,3,1,3,1,4,1
immers-space,4,1,4,1,8,5
immers-space,5,1,5,4,0,2
immers-space,6,1,6,2,0,0
jaeles-project,-6,0,0,0,0,0
jaeles-project,-5,0,0,0,0,0
jaeles-project,-4,0,0,0,0,0
jaeles-project,-3,0,0,2,0,0
jaeles-project,-2,0,0,1,0,0
jaeles-project,-1,0,0,1,0,0
jaeles-project,0,1,0,2,15,1
jaeles-project,1,1,1,1,0,0
jaeles-project,2,1,2,2,4,3
jaeles-project,3,1,3,1,0,0
jaeles-project,4,1,4,1,0,0
jaeles-project,5,1,5,1,0,0
jaeles-project,6,1,6,1,4,1
jreleaser,-6,0,0,0,0,0
jreleaser,-5,0,0,1,0,0
jreleaser,-4,0,0,4,0,0
jreleaser,-3,0,0,3,0,0
jreleaser,-2,0,0,4,0,0
jreleaser,-1,0,0,4,0,0
jreleaser,0,1,0,5,0,1
jreleaser,1,1,1,0,0,0
jreleaser,2,1,2,3,0,0
jreleaser,3,1,3,0,0,0
jreleaser,4,1,4,2,0,0
jreleaser,5,1,5,0,0,0
jreleaser,6,1,6,5,0,0
konstaui,-6,0,0,0,0,0
konstaui,-5,0,0,0,0,0
konstaui,-4,0,0,0,0,0
konstaui,-3,0,0,0,0,0
konstaui,-2,0,0,0,0,0
konstaui,-1,0,0,2,0,0
konstaui,0,1,0,1,1,1
konstaui,1,1,1,0,0,0
konstaui,2,1,2,0,0,0
konstaui,3,1,3,8,0,0
konstaui,4,1,4,0,0,0
konstaui,5,1,5,2,0,0
konstaui,6,1,6,0,0,0
kube-hetzner,-6,0,0,1,0,0
kube-hetzner,-5,0,0,5,0,0
kube-hetzner,-4,0,0,5,0,0
kube-hetzner,-3,0,0,4,0,0
kube-hetzner,-2,0,0,0,0,0
kube-hetzner,-1,0,0,1,0,0
kube-hetzner,0,1,0,1,13,3
kube-hetzner,1,1,1,2,11,2
kube-hetzner,2,1,2,1,0,0
kube-hetzner,3,1,3,1,2,1
kube-hetzner,4,1,4,0,0,0
kube-hetzner,5,1,5,6,14,3
kube-hetzner,6,1,6,1,0,1
linearmouse,-6,0,0,2,0,0
linearmouse,-5,0,0,4,0,0
linearmouse,-4,0,0,1,0,0
linearmouse,-3,0,0,0,0,0
linearmouse,-2,0,0,1,0,0
linearmouse,-1,0,0,1,0,0
linearmouse,0,1,0,1,2,1
linearmouse,1,1,1,1,2,2
linearmouse,2,1,2,0,0,0
linearmouse,3,1,3,0,0,0
linearmouse,4,1,4,2,0,0
linearmouse,5,1,5,0,10,1
linearmouse,6,1,6,0,9,2
lobehub,-6,0,0,0,0,0
lobehub,-5,0,0,0,0,0
lobehub,-4,0,0,0,0,0
lobehub,-3,0,0,0,0,0
lobehub,-2,0,0,0,0,0
lobehub,-1,0,0,5,0,0
lobehub,0,1,0,8,0,2
lobehub,1,1,1,68,0,1
lobehub,2,1,2,29,2,9
lobehub,3,1,3,11,8,12
lobehub,4,1,4,21,17,6
lobehub,5,1,5,65,17,19
lobehub,6,1,6,39,20,13
master-co,-6,0,0,0,0,0
master-co,-5,0,0,0,0,0
master-co,-4,0,0,0,0,0
master-co,-3,0,0,0,0,0
master-co,-2,0,0,0,0,0
master-co,-1,0,0,0,0,0
master-co,0,1,0,0,2,3
master-co,1,1,1,0,1,3
master-co,2,1,2,0,0,1
master-co,3,1,3,5,3,3
master-co,4,1,4,8,6,6
master-co,5,1,5,0,0,1
master-co,6,1,6,6,0,0
nestdotland,-6,0,0,0,0,0
nestdotland,-5,0,0,0,0,0
nestdotland,-4,0,0,0,0,0
nestdotland,-3,0,0,0,0,0
nestdotland,-2,0,0,0,0,0
nestdotland,-1,0,0,0,0,0
nestdotland,0,1,0,0,8,1
nestdotland,1,1,1,5,24,8
nestdotland,2,1,2,3,8,8
nestdotland,3,1,3,6,17,6
nestdotland,4,1,4,4,25,18
nestdotland,5,1,5,1,12,8
nestdotland,6,1,6,1,1,2
netbootxyz,-6,0,0,1,0,0
netbootxyz,-5,0,0,0,0,0
netbootxyz,-4,0,0,2,0,0
netbootxyz,-3,0,0,1,0,0
netbootxyz,-2,0,0,1,0,0
netbootxyz,-1,0,0,2,0,0
netbootxyz,0,1,0,0,2,1
netbootxyz,1,1,1,1,4,1
netbootxyz,2,1,2,1,3,4
netbootxyz,3,1,3,0,1,1
netbootxyz,4,1,4,1,1,1
netbootxyz,5,1,5,0,3,4
netbootxyz,6,1,6,1,4,3
numpy,-6,0,0,1,0,0
numpy,-5,0,0,3,0,0
numpy,-4,0,0,1,0,0
numpy,-3,0,0,1,0,0
numpy,-2,0,0,2,0,0
numpy,-1,0,0,2,0,0
numpy,0,1,0,1,92,30
numpy,1,1,1,1,0,0
numpy,2,1,2,1,0,0
numpy,3,1,3,1,0,0
numpy,4,1,4,0,0,0
numpy,5,1,5,0,0,0
numpy,6,1,6,0,0,0
oapi-codegen,-6,0,0,0,0,0
oapi-codegen,-5,0,0,0,0,0
oapi-codegen,-4,0,0,0,0,0
oapi-codegen,-3,0,0,0,0,0
oapi-codegen,-2,0,0,1,0,0
oapi-codegen,-1,0,0,2,0,0
oapi-codegen,0,1,0,4,0,5
oapi-codegen,1,1,1,6,2,5
oapi-codegen,2,1,2,5,0,2
oapi-codegen,3,1,3,2,0,2
oapi-codegen,4,1,4,0,2,3
oapi-codegen,5,1,5,3,7,7
oapi-codegen,6,1,6,0,12,9
oatpp,-6,0,0,1,0,0
oatpp,-5,0,0,2,0,0
oatpp,-4,0,0,11,0,0
oatpp,-3,0,0,17,0,0
oatpp,-2,0,0,21,0,0
oatpp,-1,0,0,0,0,0
oatpp,0,1,0,19,0,1
oatpp,1,1,1,20,0,0
oatpp,2,1,2,20,1,1
oatpp,3,1,3,41,0,0
oatpp,4,1,4,0,0,0
oatpp,5,1,5,0,0,0
oatpp,6,1,6,0,0,1
ocrmypdf,-6,0,0,3,0,0
ocrmypdf,-5,0,0,4,0,0
ocrmypdf,-4,0,0,3,0,0
ocrmypdf,-3,0,0,2,0,0
ocrmypdf,-2,0,0,2,0,0
ocrmypdf,-1,0,0,1,0,0
ocrmypdf,0,1,0,1,0,1
ocrmypdf,1,1,1,2,8,3
ocrmypdf,2,1,2,2,4,2
ocrmypdf,3,1,3,1,3,1
ocrmypdf,4,1,4,3,22,4
ocrmypdf,5,1,5,0,3,2
ocrmypdf,6,1,6,1,7,2
openapi-ts,-6,0,0,0,0,0
openapi-ts,-5,0,0,0,0,0
openapi-ts,-4,0,0,0,0,0
openapi-ts,-3,0,0,0,0,0
openapi-ts,-2,0,0,3,0,0
openapi-ts,-1,0,0,5,0,0
openapi-ts,0,1,0,8,26,11
openapi-ts,1,1,1,10,43,19
openapi-ts,2,1,2,1,0,0
openapi-ts,3,1,3,3,0,0
openapi-ts,4,1,4,0,0,0
openapi-ts,5,1,5,0,0,0
openapi-ts,6,1,6,0,0,0
peachpiecompiler,-6,0,0,0,0,0
peachpiecompiler,-5,0,0,0,0,0
peachpiecompiler,-4,0,0,1,0,0
peachpiecompiler,-3,0,0,0,0,0
peachpiecompiler,-2,0,0,2,0,0
peachpiecompiler,-1,0,0,3,0,0
peachpiecompiler,0,1,0,3,5,1
peachpiecompiler,1,1,1,0,7,1
peachpiecompiler,2,1,2,1,0,0
peachpiecompiler,3,1,3,1,2,2
peachpiecompiler,4,1,4,0,0,0
peachpiecompiler,5,1,5,2,3,1
peachpiecompiler,6,1,6,0,0,0
php-soap,-6,0,0,0,0,0
php-soap,-5,0,0,0,0,0
php-soap,-4,0,0,0,0,0
php-soap,-3,0,0,0,0,0
php-soap,-2,0,0,7,0,0
php-soap,-1,0,0,2,0,0
php-soap,0,1,0,11,0,1
php-soap,1,1,1,1,0,0
php-soap,2,1,2,4,0,0
php-soap,3,1,3,0,0,0
php-soap,4,1,4,2,0,0
php-soap,5,1,5,0,0,0
php-soap,6,1,6,0,0,0
pmndrs,-6,0,0,4,0,0
pmndrs,-5,0,0,14,0,0
pmndrs,-4,0,0,5,0,0
pmndrs,-3,0,0,1,0,0
pmndrs,-2,0,0,5,0,0
pmndrs,-1,0,0,4,0,0
pmndrs,0,1,0,16,4,1
pmndrs,1,1,1,5,0,0
pmndrs,2,1,2,7,0,0
pmndrs,3,1,3,7,0,1
pmndrs,4,1,4,7,0,0
pmndrs,5,1,5,14,0,0
pmndrs,6,1,6,23,0,0
prettier,-6,0,0,5,0,0
prettier,-5,0,0,4,0,0
prettier,-4,0,0,6,0,0
prettier,-3,0,0,5,0,0
prettier,-2,0,0,9,0,0
prettier,-1,0,0,6,0,0
prettier,0,1,0,3,28,1
prettier,1,1,1,6,0,0
prettier,2,1,2,4,0,0
prettier,3,1,3,1,0,0
prettier,4,1,4,4,0,0
prettier,5,1,5,0,0,0
prettier,6,1,6,4,0,0
probe-rs,-6,0,0,0,0,0
probe-rs,-5,0,0,0,0,0
probe-rs,-4,0,0,0,0,0
probe-rs,-3,0,0,0,0,0
probe-rs,-2,0,0,0,0,0
probe-rs,-1,0,0,0,0,0
probe-rs,0,1,0,1,0,1
probe-rs,1,1,1,0,0,1
probe-rs,2,1,2,5,0,0
probe-rs,3,1,3,4,0,1
probe-rs,4,1,4,0,0,0
probe-rs,5,1,5,8,3,1
probe-rs,6,1,6,0,3,2
project-error,-6,0,0,0,0,0
project-error,-5,0,0,0,0,0
project-error,-4,0,0,2,0,0
project-error,-3,0,0,1,0,0
project-error,-2,0,0,1,0,0
project-error,-1,0,0,8,0,0
project-error,0,1,0,0,0,1
project-error,1,1,1,2,0,0
project-error,2,1,2,0,0,0
project-error,3,1,3,0,0,3
project-error,4,1,4,2,1,3
project-error,5,1,5,1,0,2
project-error,6,1,6,0,3,5
projectwallace,-6,0,0,1,0,0
projectwallace,-5,0,0,0,0,0
projectwallace,-4,0,0,4,0,0
projectwallace,-3,0,0,0,0,0
projectwallace,-2,0,0,3,0,0
projectwallace,-1,0,0,6,0,0
projectwallace,0,1,0,1,4,2
projectwallace,1,1,1,2,0,0
projectwallace,2,1,2,4,0,2
projectwallace,3,1,3,2,0,0
projectwallace,4,1,4,2,0,0
projectwallace,5,1,5,4,0,0
projectwallace,6,1,6,0,0,0
pyparsing,-6,0,0,1,0,0
pyparsing,-5,0,0,6,0,0
pyparsing,-4,0,0,2,0,0
pyparsing,-3,0,0,0,0,0
pyparsing,-2,0,0,1,0,0
pyparsing,-1,0,0,0,0,0
pyparsing,0,1,0,0,6,2
pyparsing,1,1,1,1,11,1
pyparsing,2,1,2,1,0,1
pyparsing,3,1,3,0,15,4
pyparsing,4,1,4,0,4,2
pyparsing,5,1,5,0,3,1
pyparsing,6,1,6,0,0,0
qruto,-6,0,0,0,0,0
qruto,-5,0,0,0,0,0
qruto,-4,0,0,0,0,0
qruto,-3,0,0,2,0,0
qruto,-2,0,0,1,0,0
qruto,-1,0,0,0,0,0
qruto,0,1,0,3,1,1
qruto,1,1,1,4,0,0
qruto,2,1,2,1,0,0
qruto,3,1,3,0,0,0
qruto,4,1,4,0,0,0
qruto,5,1,5,0,0,0
qruto,6,1,6,2,0,0
react-native-datetimepicker,-6,0,0,1,0,0
react-native-datetimepicker,-5,0,0,1,0,0
react-native-datetimepicker,-4,0,0,1,0,0
react-native-datetimepicker,-3,0,0,2,0,0
react-native-datetimepicker,-2,0,0,2,0,0
react-native-datetimepicker,-1,0,0,2,0,0
react-native-datetimepicker,0,1,0,1,5,2
react-native-datetimepicker,1,1,1,1,13,4
react-native-datetimepicker,2,1,2,1,9,3
react-native-datetimepicker,3,1,3,0,14,3
react-native-datetimepicker,4,1,4,0,0,0
react-native-datetimepicker,5,1,5,0,14,2
react-native-datetimepicker,6,1,6,1,5,3
recharts,-6,0,0,2,0,0
recharts,-5,0,0,3,0,0
recharts,-4,0,0,3,0,0
recharts,-3,0,0,1,0,0
recharts,-2,0,0,0,0,0
recharts,-1,0,0,0,0,0
recharts,0,1,0,1,4,2
recharts,1,1,1,3,20,7
recharts,2,1,2,1,47,6
recharts,3,1,3,3,15,6
recharts,4,1,4,1,60,9
recharts,5,1,5,3,0,0
recharts,6,1,6,1,0,0
redom,-6,0,0,0,0,0
redom,-5,0,0,0,0,0
redom,-4,0,0,0,0,0
redom,-3,0,0,0,0,0
redom,-2,0,0,0,0,0
redom,-1,0,0,0,0,0
redom,0,1,0,5,2,1
redom,1,1,1,1,3,1
redom,2,1,2,4,0,0
redom,3,1,3,1,0,0
redom,4,1,4,0,11,1
redom,5,1,5,0,0,0
redom,6,1,6,0,0,0
rekit,-6,0,0,11,0,0
rekit,-5,0,0,8,0,0
rekit,-4,0,0,0,0,0
rekit,-3,0,0,0,0,0
rekit,-2,0,0,0,0,0
rekit,-1,0,0,0,0,0
rekit,0,1,0,0,0,7
rekit,1,1,1,0,0,0
rekit,2,1,2,2,0,0
rekit,3,1,3,2,0,1
rekit,4,1,4,3,2,4
rekit,5,1,5,1,0,2
rekit,6,1,6,0,3,3
release-plz,-6,0,0,0,0,0
release-plz,-5,0,0,0,0,0
release-plz,-4,0,0,0,0,0
release-plz,-3,0,0,0,0,0
release-plz,-2,0,0,0,0,0
release-plz,-1,0,0,3,0,0
release-plz,0,1,0,4,38,3
release-plz,1,1,1,2,13,12
release-plz,2,1,2,2,16,15
release-plz,3,1,3,9,0,0
release-plz,4,1,4,6,0,0
release-plz,5,1,5,4,0,0
release-plz,6,1,6,0,0,0
rwf2,-6,0,0,0,0,0
rwf2,-5,0,0,0,0,0
rwf2,-4,0,0,0,0,0
rwf2,-3,0,0,0,0,0
rwf2,-2,0,0,0,0,0
rwf2,-1,0,0,0,0,0
rwf2,0,1,0,2,1,1
rwf2,1,1,1,3,0,0
rwf2,2,1,2,2,0,0
rwf2,3,1,3,1,0,0
rwf2,4,1,4,1,0,0
rwf2,5,1,5,1,0,0
rwf2,6,1,6,1,0,0
sapphiredev,-6,0,0,0,0,0
sapphiredev,-5,0,0,0,0,0
sapphiredev,-4,0,0,5,0,0
sapphiredev,-3,0,0,4,0,0
sapphiredev,-2,0,0,0,0,0
sapphiredev,-1,0,0,1,0,0
sapphiredev,0,1,0,1,0,11
sapphiredev,1,1,1,4,0,0
sapphiredev,2,1,2,4,7,2
sapphiredev,3,1,3,0,0,2
sapphiredev,4,1,4,2,0,0
sapphiredev,5,1,5,1,0,0
sapphiredev,6,1,6,3,0,2
scanapi,-6,0,0,0,0,0
scanapi,-5,0,0,2,0,0
scanapi,-4,0,0,1,0,0
scanapi,-3,0,0,0,0,0
scanapi,-2,0,0,0,0,0
scanapi,-1,0,0,1,0,0
scanapi,0,1,0,2,0,1
scanapi,1,1,1,6,7,2
scanapi,2,1,2,1,0,1
scanapi,3,1,3,4,0,1
scanapi,4,1,4,5,0,0
scanapi,5,1,5,2,0,4
scanapi,6,1,6,0,0,0
sched-ext,-6,0,0,0,0,0
sched-ext,-5,0,0,1,0,0
sched-ext,-4,0,0,2,0,0
sched-ext,-3,0,0,2,0,0
sched-ext,-2,0,0,1,0,0
sched-ext,-1,0,0,1,0,0
sched-ext,0,1,0,1,28,3
sched-ext,1,1,1,2,50,12
sched-ext,2,1,2,0,24,15
sched-ext,3,1,3,1,0,0
sched-ext,4,1,4,1,0,0
sched-ext,5,1,5,1,0,0
sched-ext,6,1,6,0,0,0
semantic-release,-6,0,0,0,0,0
semantic-release,-5,0,0,0,0,0
semantic-release,-4,0,0,0,0,0
semantic-release,-3,0,0,5,0,0
semantic-release,-2,0,0,0,0,0
semantic-release,-1,0,0,4,0,0
semantic-release,0,1,0,9,5,1
semantic-release,1,1,1,0,21,1
semantic-release,2,1,2,5,3,1
semantic-release,3,1,3,2,2,2
semantic-release,4,1,4,0,0,1
semantic-release,5,1,5,3,0,0
semantic-release,6,1,6,0,0,0
site-prism,-6,0,0,0,0,0
site-prism,-5,0,0,0,0,0
site-prism,-4,0,0,0,0,0
site-prism,-3,0,0,0,0,0
site-prism,-2,0,0,4,0,0
site-prism,-1,0,0,2,0,0
site-prism,0,1,0,2,0,1
site-prism,1,1,1,0,0,0
site-prism,2,1,2,0,0,0
site-prism,3,1,3,2,0,0
site-prism,4,1,4,1,0,0
site-prism,5,1,5,0,0,0
site-prism,6,1,6,0,0,0
sorry-cypress,-6,0,0,0,0,0
sorry-cypress,-5,0,0,0,0,0
sorry-cypress,-4,0,0,0,0,0
sorry-cypress,-3,0,0,0,0,0
sorry-cypress,-2,0,0,0,0,0
sorry-cypress,-1,0,0,0,0,0
sorry-cypress,0,1,0,0,0,1
sorry-cypress,1,1,1,1,0,0
sorry-cypress,2,1,2,2,0,0
sorry-cypress,3,1,3,6,0,0
sorry-cypress,4,1,4,11,0,0
sorry-cypress,5,1,5,5,0,2
sorry-cypress,6,1,6,14,2,1
spaceship-prompt,-6,0,0,6,0,0
spaceship-prompt,-5,0,0,5,0,0
spaceship-prompt,-4,0,0,0,0,0
spaceship-prompt,-3,0,0,1,0,0
spaceship-prompt,-2,0,0,4,0,0
spaceship-prompt,-1,0,0,3,0,0
spaceship-prompt,0,1,0,8,0,1
spaceship-prompt,1,1,1,1,0,0
spaceship-prompt,2,1,2,4,0,1
spaceship-prompt,3,1,3,0,0,0
spaceship-prompt,4,1,4,2,0,0
spaceship-prompt,5,1,5,0,0,0
spaceship-prompt,6,1,6,3,0,1
statoscope,-6,0,0,0,0,0
statoscope,-5,0,0,0,0,0
statoscope,-4,0,0,0,0,0
statoscope,-3,0,0,0,0,0
statoscope,-2,0,0,0,0,0
statoscope,-1,0,0,0,0,0
statoscope,0,1,0,0,11,1
statoscope,1,1,1,0,0,1
statoscope,2,1,2,0,0,0
statoscope,3,1,3,9,14,6
statoscope,4,1,4,2,0,1
statoscope,5,1,5,2,8,2
statoscope,6,1,6,3,0,1
styleguidist,-6,0,0,5,0,0
styleguidist,-5,0,0,4,0,0
styleguidist,-4,0,0,0,0,0
styleguidist,-3,0,0,1,0,0
styleguidist,-2,0,0,1,0,0
styleguidist,-1,0,0,0,0,0
styleguidist,0,1,0,0,15,2
styleguidist,1,1,1,0,0,0
styleguidist,2,1,2,0,0,0
styleguidist,3,1,3,1,0,0
styleguidist,4,1,4,0,0,0
styleguidist,5,1,5,1,0,0
styleguidist,6,1,6,0,0,0
swiftwasm,-6,0,0,0,0,0
swiftwasm,-5,0,0,0,0,0
swiftwasm,-4,0,0,0,0,0
swiftwasm,-3,0,0,0,0,0
swiftwasm,-2,0,0,2,0,0
swiftwasm,-1,0,0,2,0,0
swiftwasm,0,1,0,0,3,1
swiftwasm,1,1,1,0,0,0
swiftwasm,2,1,2,0,0,0
swiftwasm,3,1,3,0,0,0
swiftwasm,4,1,4,5,0,0
swiftwasm,5,1,5,8,0,0
swiftwasm,6,1,6,1,0,0
swup,-6,0,0,2,0,0
swup,-5,0,0,0,0,0
swup,-4,0,0,1,0,0
swup,-3,0,0,1,0,0
swup,-2,0,0,1,0,0
swup,-1,0,0,3,0,0
swup,0,1,0,3,2,1
swup,1,1,1,6,0,0
swup,2,1,2,3,0,0
swup,3,1,3,0,0,0
swup,4,1,4,2,0,0
swup,5,1,5,1,0,0
swup,6,1,6,2,0,0
tastyigniter,-6,0,0,0,0,0
tastyigniter,-5,0,0,0,0,0
tastyigniter,-4,0,0,0,0,0
tastyigniter,-3,0,0,0,0,0
tastyigniter,-2,0,0,0,0,0
tastyigniter,-1,0,0,7,0,0
tastyigniter,0,1,0,0,2,1
tastyigniter,1,1,1,1,0,0
tastyigniter,2,1,2,3,0,0
tastyigniter,3,1,3,5,0,0
tastyigniter,4,1,4,2,0,0
tastyigniter,5,1,5,5,19,2
tastyigniter,6,1,6,7,1,1
tj-actions,-6,0,0,0,0,0
tj-actions,-5,0,0,0,0,0
tj-actions,-4,0,0,0,0,0
tj-actions,-3,0,0,0,0,0
tj-actions,-2,0,0,0,0,0
tj-actions,-1,0,0,0,0,0
tj-actions,0,1,0,0,0,1
tj-actions,1,1,1,5,0,0
tj-actions,2,1,2,0,0,0
tj-actions,3,1,3,5,0,0
tj-actions,4,1,4,0,0,0
tj-actions,5,1,5,5,0,1
tj-actions,6,1,6,2,0,0
unocss,-6,0,0,0,0,0
unocss,-5,0,0,0,0,0
unocss,-4,0,0,0,0,0
unocss,-3,0,0,0,0,0
unocss,-2,0,0,0,0,0
unocss,-1,0,0,0,0,0
unocss,0,1,0,2,4,1
unocss,1,1,1,4,2,2
unocss,2,1,2,5,10,5
unocss,3,1,3,5,35,22
unocss,4,1,4,5,0,0
unocss,5,1,5,5,0,0
unocss,6,1,6,4,0,0
vuejs,-6,0,0,3,0,0
vuejs,-5,0,0,2,0,0
vuejs,-4,0,0,0,0,0
vuejs,-3,0,0,1,0,0
vuejs,-2,0,0,0,0,0
vuejs,-1,0,0,6,0,0
vuejs,0,1,0,0,0,1
vuejs,1,1,1,3,0,1
vuejs,2,1,2,0,0,5
vuejs,3,1,3,2,0,2
vuejs,4,1,4,0,6,6
vuejs,5,1,5,0,4,3
vuejs,6,1,6,1,6,3
vueuse,-6,0,0,1,0,0
vueuse,-5,0,0,5,0,0
vueuse,-4,0,0,1,0,0
vueuse,-3,0,0,1,0,0
vueuse,-2,0,0,3,0,0
vueuse,-1,0,0,6,0,0
vueuse,0,1,0,3,64,30
vueuse,1,1,1,3,0,0
vueuse,2,1,2,6,0,0
vueuse,3,1,3,1,0,0
vueuse,4,1,4,0,0,0
vueuse,5,1,5,0,0,0
vueuse,6,1,6,0,0,0
webrecorder,-6,0,0,0,0,0
webrecorder,-5,0,0,0,0,0
webrecorder,-4,0,0,1,0,0
webrecorder,-3,0,0,3,0,0
webrecorder,-2,0,0,1,0,0
webrecorder,-1,0,0,0,0,0
webrecorder,0,1,0,1,5,2
webrecorder,1,1,1,0,0,1
webrecorder,2,1,2,1,0,1
webrecorder,3,1,3,0,3,1
webrecorder,4,1,4,2,0,0
webrecorder,5,1,5,2,0,0
webrecorder,6,1,6,2,0,1
yamada-ui,-6,0,0,0,0,0
yamada-ui,-5,0,0,0,0,0
yamada-ui,-4,0,0,0,0,0
yamada-ui,-3,0,0,0,0,0
yamada-ui,-2,0,0,0,0,0
yamada-ui,-1,0,0,0,0,0
yamada-ui,0,1,0,0,25,30
yamada-ui,1,1,1,0,0,0
yamada-ui,2,1,2,30,0,0
yamada-ui,3,1,3,0,0,0
yamada-ui,4,1,4,0,0,0
yamada-ui,5,1,5,0,0,0
yamada-ui,6,1,6,0,0,0
zulip,-6,0,0,2,0,0
zulip,-5,0,0,2,0,0
zulip,-4,0,0,1,0,0
zulip,-3,0,0,0,0,0
zulip,-2,0,0,1,0,0
zulip,-1,0,0,0,0,0
zulip,0,1,0,1,65,30
zulip,1,1,1,0,0,0
zulip,2,1,2,4,0,0
zulip,3,1,3,1,0,0
zulip,4,1,4,0,0,0
zulip,5,1,5,0,0,0
zulip,6,1,6,0,0,0
zxing-js,-6,0,0,0,0,0
zxing-js,-5,0,0,0,0,0
zxing-js,-4,0,0,0,0,0
zxing-js,-3,0,0,0,0,0
zxing-js,-2,0,0,1,0,0
zxing-js,-1,0,0,3,0,0
zxing-js,0,1,0,5,7,1
zxing-js,1,1,1,0,0,0
zxing-js,2,1,2,0,0,0
zxing-js,3,1,3,3,0,0
zxing-js,4,1,4,1,0,0
zxing-js,5,1,5,14,0,0
zxing-js,6,1,6,0,0,0
