Slug,Base,-6,-5,-4,-3,-2,-1,0,1,2,3,4,5,6
pytest,2023-02,14,14,15,14,14,14,13,14,13,13,15,11,11
basescript,2023-08,0,0,0,0,0,0,0,0,0,0,0,0,0
pixi-viewport,2023-04,0,0,0,0,0,0,1,0,0,0,0,0,0
gramaddict,2023-02,5,4,3,2,2,1,1,1,1,1,1,2,4
radareorg,2023-02,2,2,2,2,2,2,3,2,2,2,2,2,2
mcbedrock,2023-08,0,0,0,0,0,0,0,0,0,0,0,0,0
webdriverio,2023-02,9,11,9,10,9,9,8,9,11,10,10,10,10
glpi-project,2023-08,0,0,0,0,0,0,0,0,0,0,0,0,0
creevey,2023-02,1,1,1,1,1,1,1,1,1,0,0,0,0
dlang,2023-02,12,10,12,13,11,11,13,12,12,12,14,11,10
weblate,2023-02,2,3,2,2,2,1,1,1,1,2,1,4,3
the-dead-bunny-collective,2023-08,0,0,0,0,0,0,0,0,0,0,0,0,0
zigtools,2023-02,0,1,0,1,5,3,3,3,5,3,2,2,3
gonzo-engineering,2023-08,0,0,0,0,0,0,0,0,0,0,0,0,0
openbeta,2023-02,5,5,5,4,6,5,5,7,4,5,8,7,7
mingyaulee-gh,2023-10,0,0,0,0,0,0,1,0,0,0,0,0,0
sous-chefs,2023-02,9,6,6,5,4,4,5,5,5,5,5,5,5
phalcon,2023-02,13,11,10,10,12,12,11,11,13,12,11,12,12
odiff,2023-03,0,0,0,0,0,0,1,0,0,0,0,0,0
lesspass,2023-02,1,1,1,0,1,0,1,1,2,1,1,1,1
chucker,2023-03,1,1,1,1,1,0,1,2,1,0,1,2,1
orthanc,2023-02,11,11,11,11,11,13,13,12,13,12,16,12,15
michijs,2023-08,0,0,0,0,0,0,0,0,0,0,0,0,0
pika-backup,2023-02,0,0,0,0,0,1,7,2,7,6,4,4,4
evershopcommerce,2023-08,0,0,0,0,0,0,0,0,0,0,0,0,0
keyviz,2023-03,0,0,0,0,0,0,1,0,0,0,0,0,1
world-class,2023-03,1,1,1,1,1,0,1,2,1,0,1,2,1
nonebot,2023-02,1,2,1,1,1,1,1,1,1,3,1,1,1
freesk8-os,2023-08,0,0,0,0,0,0,0,0,0,0,0,0,0
ueransim,2023-08,0,0,0,0,0,0,0,0,0,0,0,0,0
typeddjangoorg,2023-03,0,0,0,0,1,0,1,1,1,1,1,1,1
dyne,2023-08,0,0,0,0,0,0,0,0,0,0,0,0,0
veniqa,2023-08,0,0,0,0,0,0,0,0,0,0,0,0,0
devhub,2023-08,0,0,0,0,0,0,0,0,0,0,0,0,0
code-surfer,2023-04,1,1,1,1,0,0,1,0,1,1,1,1,1
nestia,2023-02,0,0,0,0,0,0,3,1,1,4,4,3,2
ant-design-landing,2023-08,0,0,0,0,0,0,0,0,0,0,0,0,0
twohoursonelife,2023-02,12,15,16,14,14,19,21,19,25,27,27,24,28
pts,2023-08,0,0,0,0,0,0,0,0,0,0,0,0,0
mikado,2023-08,0,0,0,0,0,0,0,0,0,0,0,0,0
ngx-ui-scroll,2023-08,0,0,0,0,0,0,0,0,0,0,0,0,0
localstack,2023-02,11,12,11,11,10,12,11,11,10,10,9,9,9
saasfly,2023-08,0,0,0,0,0,0,0,0,0,0,0,0,0
decap,2024-02,0,0,0,0,0,0,1,1,0,0,2,1,1
kaetram,2023-10,0,0,0,0,0,0,1,0,0,0,0,0,0
whisparr,2023-09,0,0,0,0,0,0,7,2,2,4,3,4,6
abap-observability-tools,2023-02,1,1,1,1,1,1,1,1,0,0,0,0,0
cassowary,2023-02,1,1,1,1,1,2,1,2,1,2,2,1,1
ugit,2023-08,0,0,0,0,0,0,0,0,0,0,0,0,0
levilamina,2023-09,0,0,0,0,0,0,2,0,0,0,3,1,1
smartcloudgg,2023-08,0,0,0,0,0,0,0,0,0,0,0,0,0
awesome-image-registration,2023-08,0,0,0,0,0,0,0,0,0,0,0,0,0
tinyfilemanager,2023-08,0,0,0,0,0,0,0,0,0,0,0,0,0
color-picker,2023-08,0,0,0,0,0,0,0,0,0,0,0,0,0
book-project,2023-08,0,0,0,0,0,0,0,0,0,0,0,0,0
redux-saga,2023-02,16,16,17,17,17,16,15,16,15,15,14,14,12
qldependency,2023-08,0,0,0,0,0,0,0,0,0,0,0,0,0
clap,2023-02,7,4,7,6,4,5,4,6,5,6,8,8,7
flybyw,2023-08,0,0,0,0,0,0,0,0,0,0,0,0,0
design-tokens,2023-02,3,3,3,3,4,3,3,3,3,4,3,3,3
cspell,2023-02,0,0,0,0,0,0,2,1,1,1,1,1,0
orbitdb,2023-02,9,9,9,9,8,5,6,5,6,7,6,6,3
mapstruct,2023-09,0,0,0,0,0,0,2,0,2,2,2,1,1
flatpak,2023-02,50,49,51,49,47,50,45,46,44,38,39,38,38
centrifugal,2024-01,0,0,0,0,0,0,1,0,0,1,0,0,0
idyll,2023-02,1,1,1,1,1,1,1,1,1,1,1,1,1
dts-bundle-generator,2023-08,0,0,0,0,0,0,0,0,0,0,0,0,0
cryptpad,2023-02,88,93,83,82,95,90,85,97,96,95,99,91,98
serverest,2023-02,18,18,18,16,16,15,15,14,12,12,13,12,14
schrodinger-hat,2023-02,0,0,0,9,0,9,2,13,2,2,0,0,0
devstaff,2023-02,0,0,0,2,0,0,6,2,0,0,0,0,0
openprivacytech,2023-08,0,0,0,0,0,0,0,0,0,0,0,0,0
kinsondigital,2023-08,0,0,0,0,0,0,0,0,0,0,0,0,0
compodoc,2023-02,6,7,3,5,3,3,3,3,3,3,3,3,2
rollup-plugin-styles,2023-08,0,0,0,0,0,0,0,0,0,0,0,0,0
substitute-js,2024-02,0,0,0,0,0,0,1,0,0,0,0,0,0
jreleaser,2023-02,2,2,2,2,2,2,2,2,2,2,2,2,2
auto_dl,2023-08,0,0,0,0,0,0,0,0,0,0,0,0,0
anonymousplanetorg,2023-08,0,0,0,0,0,0,0,0,0,0,0,0,0
zxingnet,2024-02,0,0,0,0,0,0,1,0,0,0,0,0,0
wildgums-oss,2023-08,0,0,0,0,0,0,0,0,0,0,0,0,0
emojionearea,2023-08,0,0,0,0,0,0,0,0,0,0,0,0,0
datarhei,2023-04,0,0,0,0,0,0,2,0,0,0,0,0,0
fody,2023-02,61,62,61,61,63,62,62,63,63,65,61,60,59
appium-device-farm,2023-08,0,0,0,0,0,0,0,0,0,0,0,0,0
ipfs-search,2023-02,1,1,1,1,2,1,1,1,1,3,4,4,6
thorium-sim,2023-02,2,2,2,2,1,1,1,1,2,2,2,2,1
ngx-cookie-service,2023-08,0,0,0,0,0,0,0,0,0,0,0,0,0
mypy_boto3_builder,2023-08,0,0,0,0,0,0,0,0,0,0,0,0,0
opensourcedesign,2023-02,24,21,20,17,20,19,19,20,20,19,19,18,15
live-captioning-initiative,2023-08,0,0,0,0,0,0,0,0,0,0,0,0,0
developersharif,2023-08,0,0,0,0,0,0,0,0,0,0,0,0,0
photoeditor,2023-08,0,0,0,0,0,0,0,0,0,0,0,0,0
flexsearch,2023-08,0,0,0,0,0,0,0,0,0,0,0,0,0
nvim-spotify,2023-08,0,0,0,0,0,0,0,0,0,0,0,0,0
rustmagazine,2023-10,0,0,0,0,0,0,2,2,2,2,1,1,1
kataw,2023-08,0,0,0,0,0,0,0,0,0,0,0,0,0
y-collective,2023-02,6,6,6,7,4,3,5,3,6,3,6,8,6
react-three-fiber,2023-02,13,15,15,16,15,13,12,13,16,13,13,11,10
openstitching,2023-08,0,0,0,0,0,0,0,0,0,0,0,0,0
mellium,2023-08,0,0,0,0,0,0,1,0,1,1,1,1,1
oppr,2023-08,0,0,0,0,0,0,0,0,0,0,0,0,0
webster,2023-08,0,0,0,0,0,0,0,0,0,0,0,0,0
codeeditapp,2023-02,1,2,3,2,2,4,3,3,3,2,2,3,3
libreops,2023-02,12,12,11,29,18,18,18,19,19,20,16,16,13
webpack-merge,2023-06,0,0,0,0,0,0,1,0,0,0,0,0,0
attendize,2023-08,0,0,0,0,0,0,0,0,0,0,0,0,0
visjs,2023-02,6,6,6,6,6,3,3,3,3,4,4,3,3
litiengine,2023-02,4,4,7,6,7,9,5,6,6,5,5,3,4
yuns,2023-08,0,0,0,0,0,0,0,0,0,0,0,0,0
robostack,2023-04,0,0,0,0,0,0,1,1,0,1,1,1,0
open-sustainable-technology,2023-08,0,0,0,0,0,0,0,0,0,0,0,0,0
macports,2023-08,0,0,0,0,0,0,0,0,0,0,0,0,0
offline-plugin,2023-02,1,1,1,1,1,1,1,0,0,0,0,0,0
hydephp,2023-08,0,0,0,0,0,0,0,0,0,0,0,0,0
nosqlclient,2023-08,0,0,0,0,0,0,0,0,0,0,0,0,0
openipc,2023-02,31,27,26,26,31,25,31,26,27,22,21,23,19
ktx,2023-08,0,0,0,0,0,0,0,0,0,0,0,0,0
labelmake,2023-08,0,0,0,0,0,0,0,0,0,0,0,0,0
debut-js,2023-08,0,0,0,0,0,0,0,0,0,0,0,0,0
gdm-settings,2023-08,0,0,0,0,0,0,2,0,2,1,1,4,3
ngrx,2023-02,15,14,17,15,15,13,14,14,13,13,13,14,14
mochajs,2023-02,195,189,198,196,199,190,181,193,175,179,182,188,181
11ty,2023-02,183,174,178,181,181,189,173,178,177,177,183,174,183
ghost,2023-02,4,4,4,3,2,3,2,2,3,5,4,5,4
svgo,2023-02,2,2,3,2,3,2,2,2,2,3,5,3,4
plotsjl,2023-06,0,0,0,0,0,0,3,0,0,0,0,0,1
strapi,2023-02,6,6,4,5,5,4,6,4,4,4,4,5,4
z-wave-js,2023-04,0,0,0,1,0,0,2,1,0,0,5,0,2
fontisto,2023-08,0,0,0,0,0,0,0,0,0,0,0,0,0
accounts-js,2023-08,0,0,0,0,0,0,0,0,0,0,0,0,0
dearpygui,2023-02,2,3,4,3,4,4,4,4,4,4,4,4,4
comunica-association,2023-02,2,1,1,1,1,1,1,1,1,1,1,1,2
nodejs-mobile,2023-09,0,0,0,0,0,0,1,0,1,1,1,1,1
cucumber,2023-02,18,19,21,20,18,16,16,16,14,18,15,17,14
beercss,2023-04,0,0,0,0,0,0,4,3,3,3,3,3,4
urql-graphql,2023-04,0,0,0,0,0,0,2,1,0,0,2,1,0
cljdoc,2023-02,6,6,6,6,6,6,6,6,6,5,4,4,4
php-ext-xlswriter,2023-08,0,0,0,0,0,0,0,0,0,0,0,0,0
homura,2023-08,0,0,0,0,0,0,0,0,0,0,0,0,0
univer,2023-12,0,0,0,0,0,0,1,1,1,1,1,1,1
re0-web,2023-08,0,0,0,0,0,0,0,0,0,0,0,0,0
devshop,2023-02,1,1,1,1,1,1,1,0,0,0,0,0,0
ethical-source,2023-02,6,6,6,5,5,5,5,5,5,6,5,6,6
twilight,2023-02,6,6,6,6,6,6,6,6,6,5,5,3,3
alan-binu007,2023-08,0,0,0,0,0,0,0,0,0,0,0,0,0
badgen,2023-08,0,0,0,0,0,0,0,0,0,0,0,0,0
buddies-of-budgie,2023-02,16,17,16,15,13,16,15,14,17,13,15,14,19
openrpc,2023-08,0,0,0,0,0,0,0,0,0,0,0,0,0
borgbackup,2023-04,1,1,1,0,0,0,1,1,2,1,3,2,3
wangkanai,2023-08,0,0,0,0,0,0,0,0,0,0,0,0,0
xlayers,2023-08,0,0,0,0,0,0,0,0,0,0,0,0,0
lycheeorg,2024-02,0,0,0,0,0,0,1,1,1,1,2,1,1
httpreports,2023-08,0,0,0,0,0,0,0,0,0,0,0,0,0
firestorm,2023-08,0,0,0,0,0,0,0,0,0,0,0,0,0
polybar,2023-02,4,3,4,4,4,5,3,6,6,6,4,6,7
aria,2023-08,0,0,0,0,0,0,0,0,0,0,0,0,0
ya-webadb,2023-02,0,1,1,1,1,1,1,2,0,0,0,0,0
warden,2023-02,0,0,0,2,3,1,5,6,6,6,4,6,6
lantern,2023-08,0,0,0,0,0,0,0,0,0,0,0,0,0
kitspace,2023-02,4,3,3,4,2,1,1,2,1,3,1,1,2
flutter_html,2023-12,0,0,0,0,0,0,1,0,0,0,0,1,0
jamify-cloud,2023-08,0,0,0,0,0,0,0,0,0,0,0,0,0
material-table-core,2023-02,4,3,2,2,2,2,2,1,1,1,2,2,1
spacedrive,2023-02,5,5,6,5,4,4,4,4,4,3,3,3,3
iotsharp,2023-04,0,0,0,0,0,0,1,0,0,0,0,0,0
git-it-electron,2023-08,0,0,0,0,0,0,0,0,0,0,0,0,0
selenium-jupiter,2023-02,2,2,2,2,2,1,1,1,0,0,0,0,0
node-db-migrate,2023-02,2,1,2,1,2,2,2,1,1,1,2,1,1
democracyearth,2023-02,2,2,2,2,2,1,1,1,1,1,1,1,1
react-pdf-wojtekmaj,2023-02,3,3,3,3,3,2,2,2,2,3,3,5,3
eslint-plugin-import,2023-02,1,1,1,1,1,1,1,1,1,1,1,1,1
razzle,2023-08,0,0,0,0,0,0,0,0,0,0,0,0,0
phlask-ecosystem,2023-08,0,0,0,0,0,0,0,0,0,0,0,0,0
cdnjs,2023-02,3,3,4,3,3,5,3,4,4,3,4,1,2
thpatch,2023-02,10,6,6,5,6,5,3,4,4,5,3,4,4
doocs-leetcode,2024-02,0,0,0,0,0,0,1,0,0,0,0,0,0
jira-plugin,2023-08,0,0,0,0,0,0,0,0,0,0,0,0,0
openinfolabs,2023-08,0,0,0,0,0,0,0,0,0,0,0,0,0
nlpodyssey,2023-08,0,0,0,0,0,0,0,0,0,0,0,0,0
chaibuilder,2023-08,0,0,0,0,0,0,0,0,0,0,0,0,0
floating-ui,2023-02,25,25,26,26,28,24,26,27,28,25,26,26,24
vitepress-jsdoc,2023-08,0,0,0,0,0,0,0,0,0,0,0,0,0
discordpy,2023-02,40,9,12,14,13,31,23,32,27,32,35,35,34
medium-posts-api,2023-08,0,0,0,0,0,0,0,0,0,0,0,0,0
gtk-rs,2023-02,10,8,9,8,9,8,8,9,8,8,8,9,9
dyrectorio-platform,2023-05,0,0,0,0,0,0,1,0,0,0,0,0,0
koa-rest-api-boilerplate,2023-08,0,0,0,0,0,0,0,0,0,0,0,0,0
learning-rxjs,2023-08,0,0,0,0,0,0,0,0,0,0,0,0,0
icestack,2023-08,0,0,0,0,0,0,0,0,0,0,0,0,0
jest-html-reporters,2023-08,0,0,0,0,0,0,0,0,0,0,0,0,0
delirvfx,2023-08,0,0,0,0,0,0,0,0,0,0,0,0,0
rsserpent,2023-08,0,0,0,0,0,0,0,0,0,0,0,0,0
excelize,2023-08,0,0,0,0,0,0,0,0,0,0,0,0,0
mysigmail,2023-08,0,0,0,0,0,0,0,0,0,0,0,0,0
goravel,2023-10,0,0,0,0,0,0,1,0,0,0,0,1,0
gomymobi,2023-08,0,0,0,0,0,0,0,0,0,0,0,0,0
tosdr,2023-02,29,22,20,20,23,22,24,24,21,20,20,19,18
telegraf,2023-08,0,0,0,0,0,0,0,0,0,0,0,0,0
vite,2023-02,0,0,0,0,0,0,2,5,2,4,4,6,7
spotiflyer,2023-02,3,4,14,13,14,7,8,9,5,7,8,12,3
editorskit,2023-08,0,0,0,0,0,0,0,0,0,0,0,0,0
qmk-firmware,2023-02,3,1,3,3,6,7,4,6,4,7,5,6,6
midnight-lizard,2023-02,3,1,1,5,2,1,3,3,1,0,0,0,1
public-transport-oss,2023-02,1,1,1,1,1,1,1,1,1,1,1,1,1
vox-pupuli,2023-03,0,0,0,0,0,0,1,2,3,0,2,3,2
robotcode,2023-08,0,0,0,0,0,0,0,0,0,0,0,0,0
codebuddies,2023-02,2,2,2,2,2,2,2,2,2,2,2,2,2
wponion,2023-08,0,0,0,0,0,0,0,0,0,0,0,0,0
portmaster,2024-02,0,0,0,0,0,0,12,7,7,12,8,4,7
fluentvalidation,2023-03,0,0,0,1,0,0,1,0,1,0,1,2,1
swarmlet,2023-08,0,0,0,0,0,0,0,0,0,0,0,0,0
appium-flutter-integration-driver,2023-08,0,0,0,0,0,0,0,0,0,0,0,0,0
papermc,2023-02,44,43,39,37,42,44,36,64,50,50,57,48,50
kaku,2023-08,0,0,0,0,0,0,0,0,0,0,0,0,0
atomic-layout,2023-08,0,0,0,0,0,0,0,0,0,0,0,0,0
emotion,2023-02,9,8,9,9,9,8,8,8,8,8,9,8,8
wpackio,2023-08,0,0,0,0,0,0,0,0,0,0,0,0,0
gdljs,2023-08,0,0,0,0,0,0,0,0,0,0,0,0,0
opendevufcg,2023-02,1,1,2,3,2,2,1,2,2,1,1,1,1
safebash,2023-08,0,0,0,0,0,0,0,0,0,0,0,0,0
vapor,2023-02,22,20,21,20,21,19,19,19,19,19,20,19,18
openelectioncompass,2023-08,0,0,0,0,0,0,0,0,0,0,0,0,0
nent,2023-08,0,0,0,0,0,0,0,0,0,0,0,0,0
generator-jhipster,2023-02,181,176,178,190,182,183,167,181,182,175,182,182,176
react-play,2023-03,0,0,0,0,0,0,1,0,0,0,0,0,0
rsshub,2023-02,3,2,3,3,2,2,2,2,1,3,1,5,3
wearedotnet,2023-04,0,0,0,0,0,0,1,1,0,1,2,1,0
vue-a11y,2023-02,1,1,1,1,1,1,1,1,0,0,0,0,0
hyperf,2023-08,0,0,0,0,0,0,0,0,0,0,0,0,0
opennox,2023-08,0,0,0,0,0,0,0,0,0,0,0,0,0
pyrevitlabs,2023-08,0,0,0,0,0,0,0,0,0,0,0,0,0
vscode-kanban,2023-08,0,0,0,0,0,0,0,0,0,0,0,0,0
tech-interview-handbook,2023-09,0,0,0,0,0,0,1,0,0,0,0,0,1
moonshine,2023-06,0,0,0,0,0,0,1,0,0,0,0,0,0
kivy,2023-02,28,27,26,25,28,25,25,28,27,25,26,27,24
openandroidinstaller,2023-08,0,0,0,0,0,0,1,0,1,0,0,0,1
tailwindcss-classnames,2023-08,0,0,0,0,0,0,0,0,0,0,0,0,0
ua-parser-js,2023-02,3,4,3,2,3,4,4,3,3,3,2,2,3
earthstar,2023-02,2,2,2,1,1,1,3,2,2,2,1,1,1
discordjs,2023-02,20,14,13,18,19,11,13,8,14,13,8,11,9
formik,2023-02,3,3,3,2,2,2,2,2,2,2,2,2,2
cboard,2023-02,1,1,1,1,1,1,1,1,1,3,3,2,0
nextui,2023-02,1,0,1,0,3,0,2,4,1,2,5,2,3
tuistapp,2023-02,5,4,3,2,2,2,2,2,4,3,2,5,4
commitizen-tools,2023-03,0,0,0,0,0,0,1,2,1,0,1,2,1
css-doodle,2023-02,1,1,1,2,1,3,2,2,2,2,2,2,1
vale,2023-02,1,1,1,1,1,1,2,1,2,3,2,3,2
cheton,2023-08,0,0,0,0,0,0,1,1,0,0,0,1,0
framework7,2023-02,55,48,57,53,55,51,47,56,49,48,55,55,55
openfl,2023-02,2,2,2,2,2,2,2,2,2,2,2,2,2
simple-icons,2023-02,1,1,1,2,2,2,2,2,2,2,2,2,2
resium,2023-08,0,0,0,0,0,0,0,0,0,0,0,0,0
efqrcode,2023-08,0,0,0,0,0,0,0,0,0,0,0,0,0
toolsforthought,2023-02,0,0,0,3,0,1,1,1,1,1,1,1,1
consento,2023-08,0,0,0,0,0,0,0,0,0,0,0,0,0
orchid,2023-02,10,5,5,7,7,6,6,6,6,7,5,6,6
erxes,2023-02,2,2,2,2,2,2,2,2,2,2,2,2,2
jsprimer,2023-08,0,0,0,0,0,0,1,0,1,1,2,2,3
floccus,2023-02,11,10,10,10,11,13,12,16,12,12,11,11,11
the-gita-initiative,2023-02,2,1,1,1,1,2,3,3,4,2,1,2,3
yamada-ui,2023-08,0,0,0,0,0,0,0,0,0,0,0,0,0
react-calendar,2023-08,0,0,0,0,0,0,0,0,0,0,0,0,0
reactphp,2023-02,0,0,0,1,1,1,1,2,3,2,1,2,2
rebelsmanager,2023-08,0,0,0,0,0,0,0,0,0,0,0,0,0
react-starter-kit,2023-08,0,0,0,0,0,0,0,0,0,0,0,0,0
antdv-pro,2023-08,0,0,0,0,0,0,0,0,0,0,0,0,0
gitea,2023-02,66,58,63,55,58,50,48,53,50,54,53,54,53
commanded,2023-02,2,2,2,3,2,4,4,3,0,0,0,0,0
graphql-net,2023-02,4,5,4,4,4,4,4,4,4,4,4,4,4
gitpay,2023-08,0,0,0,0,0,0,0,0,0,0,0,0,0
pizzaql,2023-08,0,0,0,0,0,0,0,0,0,0,0,0,0
alicebot,2023-08,0,0,0,0,0,0,0,0,0,0,0,0,0
hackpad,2023-03,1,1,1,1,1,0,1,2,1,0,1,2,1
graphql-faker,2023-08,0,0,0,0,0,0,0,0,0,0,0,0,0
bttr-go-playground,2023-08,0,0,0,0,0,0,0,0,0,0,0,0,0
octobox,2023-02,19,12,14,17,13,12,13,14,13,15,11,12,15
nuke,2023-02,3,2,2,2,2,2,3,2,2,2,2,2,3
foretag,2023-08,0,0,0,0,0,0,0,0,0,0,0,0,0
awesdotio,2023-08,0,0,0,0,0,0,0,0,0,0,0,0,0
romm,2023-08,0,0,0,0,0,0,0,0,0,0,0,0,0
atom-material-themes-and-plugins,2023-02,3,3,3,3,2,2,2,2,1,1,2,1,3
ark-server-tools,2023-02,3,2,2,2,2,3,2,2,2,2,2,2,2
rrweb,2023-04,0,0,0,0,0,0,2,2,1,2,3,4,5
krehak,2023-08,0,0,0,0,0,0,0,0,0,0,0,0,0
powerjob,2023-08,0,0,0,0,0,0,0,0,0,0,0,0,0
miragexr,2023-08,0,0,0,0,0,0,0,0,0,0,0,0,0
profitmaker,2023-08,0,0,0,0,0,0,0,0,0,0,0,0,0
opensourcediversity,2023-02,4,3,3,3,2,2,7,0,0,0,0,0,0
electron-react-boilerplate-594,2023-02,6,6,3,2,2,2,2,2,2,3,1,3,1
measureland,2023-08,0,0,0,0,0,0,0,0,0,0,0,0,0
mun,2023-05,0,0,0,0,0,0,1,0,0,0,1,0,1
tastyigniter,2023-02,3,2,2,2,2,2,1,2,2,1,1,1,2
semapps,2023-08,0,0,0,0,0,0,0,0,0,0,0,0,0
rspack,2023-05,0,0,0,0,0,0,1,0,0,0,0,0,0
stepper,2023-08,0,0,0,0,0,0,0,0,0,0,0,0,0
vscode-conventional-commits,2023-03,0,1,0,0,0,0,1,0,1,0,0,0,1
anonaddy,2023-02,0,0,0,0,0,0,1,0,0,0,0,0,0
universaldatatool,2023-08,0,0,0,0,0,0,0,0,0,0,0,0,0
sqlitebiter,2023-08,0,0,0,0,0,0,0,0,0,0,0,0,0
reactfigma,2023-02,1,1,1,1,1,1,1,1,1,1,1,1,1
opensourcestories,2024-01,0,0,0,0,0,0,1,1,1,1,1,1,1
portable-ascii,2023-12,0,0,0,0,0,0,1,0,0,0,0,0,0
capawesome,2023-02,1,3,3,3,6,3,4,4,5,5,3,4,4
httparchive,2023-02,0,0,0,0,0,0,1,0,0,0,0,0,0
iris-social,2023-02,3,3,3,2,2,3,4,4,4,3,2,3,2
contribkanban,2023-08,0,0,0,0,0,0,0,0,0,0,0,0,0
inure,2023-02,0,0,0,0,0,0,1,0,0,0,0,2,0
git-bug,2023-02,6,6,5,6,5,6,6,6,5,5,5,4,4
jellyfin,2023-02,194,190,197,201,229,247,61,81,72,78,81,97,93
hugomrdias,2023-08,0,0,0,0,0,0,0,0,0,0,0,0,0
gomint,2023-08,0,0,0,0,0,0,0,0,0,0,0,0,0
django-restql,2023-08,0,0,0,0,0,0,0,0,0,0,0,0,0
goinception,2023-10,0,0,0,0,0,0,1,0,0,0,0,0,0
voukoder,2023-08,0,0,0,0,0,0,0,0,0,0,0,0,0
mobx-react-form,2023-07,0,0,0,0,0,0,1,0,1,1,1,1,1
mobile-ffmpeg,2023-08,0,0,0,0,0,0,0,0,0,0,0,0,0
woodpecker-ci,2023-02,4,5,7,6,9,7,8,9,7,8,8,6,12
vue-goodshare,2023-08,0,0,0,0,0,0,0,0,0,0,0,0,0
openinput,2023-08,0,0,0,0,0,0,0,0,0,0,0,0,0
cnchar,2023-08,0,0,0,0,0,0,0,0,0,0,0,0,0
thenewoil,2023-02,7,6,7,5,5,6,4,5,2,1,1,2,1
ajv,2023-02,10,10,11,12,11,10,11,12,11,10,11,10,11
noj,2023-08,0,0,0,0,0,0,0,0,0,0,0,0,0
ratssearch,2023-08,0,0,0,0,0,0,0,0,0,0,0,0,0
srs-server,2023-02,3,2,2,2,2,4,3,6,8,5,6,8,8
blitzjs,2023-08,0,0,0,0,0,0,0,0,0,0,0,0,0
frontenddogma,2023-08,0,0,0,0,0,0,0,0,0,0,0,0,0
iconoir,2023-02,0,1,0,0,0,1,3,7,2,1,2,3,7
vitest,2023-03,0,0,0,0,0,0,3,1,3,1,2,4,3
swiftwasm,2023-02,5,4,4,4,5,5,3,4,4,3,2,3,4
f-droid,2023-02,101,92,101,93,110,90,71,83,72,68,73,81,72
browserslist,2023-02,11,11,12,13,14,13,16,13,12,12,13,12,13
knewkarma,2023-08,0,0,0,0,0,0,0,0,0,0,0,0,0
jaredsburrows,2023-08,0,0,0,0,0,0,0,0,0,0,0,0,0
emacs-lsp,2023-02,22,21,23,19,20,20,17,17,18,17,14,14,15
anotherredisdesktopmanager,2023-06,0,1,0,0,0,0,1,0,1,0,0,1,2
haskell-language-server,2023-02,34,32,30,32,30,33,34,32,33,35,32,31,31
node-fetch,2023-02,8,7,7,8,8,7,7,7,9,7,5,6,6
react-colorful,2023-08,0,0,0,0,0,0,0,0,0,0,0,0,0
kube-hetzner,2023-04,0,0,0,0,0,0,1,1,0,1,2,1,0
json-schema,2023-02,10,10,10,11,11,11,9,9,9,9,9,9,7
openwrt-tailscale-enabler,2023-08,0,0,0,0,0,0,0,0,0,0,0,0,0
wfh,2023-08,0,0,0,0,0,0,0,0,0,0,0,0,0
zxing-js,2023-02,1,2,2,1,1,1,1,1,1,1,1,1,1
mongoke,2023-08,0,0,0,0,0,0,1,0,0,0,0,0,0
auditnet,2023-08,0,0,0,0,0,0,0,0,0,0,0,0,0
react-native-debugger,2023-02,0,0,1,0,2,1,1,1,1,0,0,0,0
typescript-eslint,2023-02,22,22,22,22,26,27,27,34,27,26,26,28,27
react-native-haptic-feedback,2023-08,0,0,0,0,0,0,0,0,0,0,0,0,0
komapper,2023-02,0,0,0,0,0,0,4,2,2,1,2,1,1
pixelfed,2023-02,12,9,13,26,19,25,27,27,30,27,33,32,48
graphpack,2023-08,0,0,0,0,0,0,0,0,0,0,0,0,0
medium-clone-on-node,2023-08,0,0,0,0,0,0,0,0,0,0,0,0,0
ecosystems,2023-03,1,0,0,0,1,0,1,1,2,1,1,1,1
primary-java,2023-08,0,0,0,0,0,0,0,0,0,0,0,0,0
chakra-ui,2023-02,32,32,33,31,35,30,24,34,29,28,28,32,33
htmlhint,2023-08,0,0,0,0,0,0,0,0,0,0,0,0,0
ng-stack,2023-08,0,0,0,0,0,0,0,0,0,0,0,0,0
git-history,2023-03,0,0,0,0,0,0,1,0,1,0,0,0,0
amethyst,2023-02,1,1,1,1,1,1,1,1,1,1,0,0,0
breath,2023-08,0,0,0,0,0,0,0,0,0,0,0,0,0
micro-elements,2023-02,1,1,1,1,1,1,1,1,1,1,1,1,1
komga,2023-02,7,6,6,6,6,6,6,6,6,5,5,5,5
tsparticles,2023-08,0,0,0,0,0,0,0,0,0,0,0,0,0
smw,2023-12,0,0,0,0,0,0,4,1,1,1,2,2,1
sktime,2023-07,0,0,0,0,0,0,1,1,0,0,2,0,0
lowdefy-os,2023-08,0,0,0,0,0,0,2,1,1,1,1,1,1
goodsharejs,2023-08,0,0,0,0,0,0,0,0,0,0,0,0,0
magicodes,2023-08,0,0,0,0,0,0,0,0,0,0,0,0,0
azuracast,2023-02,7,6,7,7,7,8,5,7,9,7,7,10,8
regolith,2023-02,27,31,29,32,29,27,29,29,29,26,24,29,25
dflydev,2023-08,0,0,0,0,0,0,0,0,0,0,0,0,0
projectwallace,2023-08,0,0,0,0,0,0,0,0,0,0,0,0,0
strawberry-graphql,2023-02,2,2,2,2,1,2,2,3,5,3,2,3,4
mint,2023-02,1,1,1,2,2,2,2,2,1,1,1,1,1
sonarr,2023-02,101,103,106,108,109,106,108,109,110,114,116,116,121
buggregator,2023-08,0,0,0,0,0,0,0,0,0,0,0,0,0
astro-aws,2023-08,0,0,0,0,0,0,0,0,0,0,0,0,0
arsenal,2023-08,0,0,0,0,0,0,0,0,0,0,0,0,0
catalyst,2023-08,0,0,0,0,0,0,0,0,0,0,0,0,0
laravel-wallet,2023-08,0,0,0,0,0,0,0,0,0,0,0,0,0
react-liquidswipe,2023-08,0,0,0,0,0,0,0,0,0,0,0,0,0
svelte,2023-02,134,129,127,130,131,126,127,130,122,121,122,119,113
eruda,2023-02,1,1,1,0,0,0,1,0,0,1,0,2,1
caching-tools,2023-08,0,0,0,0,0,0,0,0,0,0,0,0,0
osmedeus,2023-02,1,1,1,1,1,1,1,1,1,1,2,1,1
dosbox-staging,2023-02,5,6,5,6,7,6,4,5,7,5,4,5,6
helix-editor,2023-02,14,18,24,24,37,37,47,45,58,63,66,70,73
spotmenu,2023-08,0,0,0,0,0,0,0,0,0,0,0,0,0
final-form,2023-02,3,3,3,3,3,3,3,3,3,3,3,3,2
reach4help,2023-08,0,0,0,0,0,0,0,0,0,0,0,0,0
proyecto26,2023-08,0,0,0,0,0,0,0,0,0,0,0,0,0
energizedprotection,2023-08,0,0,0,0,0,0,0,0,0,0,0,0,0
namelessmc,2023-03,1,1,1,1,1,0,1,2,1,0,1,2,2
doocs,2023-08,0,0,0,0,0,0,0,0,0,0,0,0,0
listr2,2023-04,0,0,0,0,0,0,1,0,0,0,0,0,0
spicetify,2023-02,2,3,4,4,5,5,4,3,6,6,3,3,4
mue,2023-03,0,0,2,1,1,0,1,2,1,0,1,2,1
guppe-groups,2023-02,0,0,0,4,3,10,8,7,7,92,25,25,23
smart-home,2023-08,0,0,0,0,0,0,0,0,0,0,0,0,0
use-hooks,2023-08,0,0,0,0,0,0,0,0,0,0,0,0,0
kuma-ui,2023-08,0,0,0,0,0,0,3,3,3,2,2,2,3
jsx-eslint,2023-02,1,1,1,1,1,2,1,2,2,2,2,2,2
velocityx,2023-08,0,0,0,0,0,0,0,0,0,0,0,0,0
mapeo,2023-09,0,0,0,0,0,0,1,0,0,0,0,0,0
cloudcmd,2023-02,0,0,0,0,0,1,2,1,1,1,0,0,0
goober,2023-02,1,1,2,1,1,1,1,1,1,1,1,1,1
fnr-sponsor,2023-08,0,0,0,0,0,0,0,0,0,0,0,0,0
vue2-storage,2023-08,0,0,0,0,0,0,0,0,0,0,0,0,0
excalibur,2023-09,0,0,0,0,0,0,1,1,1,1,1,1,1
agileconfig,2023-08,0,0,0,0,0,0,0,0,0,0,0,0,0
immer,2023-02,5,4,4,4,4,4,4,5,4,4,4,3,4
redeclipse,2023-02,1,1,1,2,1,1,1,1,0,0,0,0,0
fintrack,2023-08,0,0,0,0,0,0,0,0,0,0,0,0,0
hexo-theme-lx,2023-08,0,0,0,0,0,0,0,0,0,0,0,0,0
go-callvis,2023-04,0,0,0,0,0,0,1,0,0,0,0,0,0
tweetscraper,2023-08,0,0,0,0,0,0,0,0,0,0,0,0,0
glab,2023-02,1,1,1,1,1,1,1,1,1,1,1,1,1
edgetx,2023-02,20,19,26,29,40,27,24,24,28,30,22,30,33
redux-model,2023-08,0,0,0,0,0,0,0,0,0,0,0,0,0
pythonecuador,2023-08,0,0,0,0,0,0,0,0,0,0,0,0,0
pwafire,2023-08,0,0,0,0,0,0,0,0,0,0,0,0,0
drawdb,2023-08,0,0,0,0,0,0,0,0,0,0,0,0,0
beauter,2023-08,0,0,0,0,0,0,0,0,0,0,0,0,0
sapphiredev,2023-03,1,1,2,2,7,0,1,2,1,0,1,2,1
gocron,2023-08,0,0,0,0,0,0,0,0,0,0,0,0,0
geojson-net,2023-08,0,0,0,0,0,0,0,0,0,0,0,0,0
babybuddy,2023-08,0,0,0,0,0,0,2,0,0,0,1,0,1
obsproject,2023-02,122,138,131,121,110,136,121,117,119,113,109,102,103
thegorgeouslogin,2023-08,0,0,0,0,0,0,0,0,0,0,0,0,0
tarkov-dev,2023-02,6,5,4,4,5,7,5,10,9,10,9,10,18
zjuthesis,2023-08,0,0,0,0,0,0,0,0,0,0,0,0,0
thulite,2023-08,0,0,0,0,0,0,0,0,0,0,0,0,0
cinny,2023-02,7,6,6,5,5,6,4,3,6,4,2,3,2
cargo-limit,2023-08,0,0,0,0,0,0,0,0,0,0,0,0,0
elk,2023-02,0,0,0,0,0,13,4,8,11,9,7,10,11
excalidraw,2023-02,26,26,26,27,23,21,25,22,22,26,24,28,27
react-windows-ui,2023-08,0,0,0,0,0,0,0,0,0,0,0,0,0
sern,2023-08,0,0,0,0,0,0,2,1,2,3,3,3,3
puzrin,2023-02,0,0,2,1,1,0,1,0,0,0,1,0,0
reconmap,2023-08,0,0,0,0,0,0,0,0,0,0,0,0,0
soniccloudorg,2023-02,1,1,1,1,1,1,1,2,1,1,1,1,1
laeran,2023-08,0,0,0,0,0,0,0,0,0,0,0,0,0
melpa,2023-02,12,12,15,12,12,11,12,12,10,11,10,10,10
nanoexpress,2023-08,0,0,0,0,0,0,0,0,0,0,0,0,0
altair,2023-02,11,9,10,11,8,6,9,7,9,8,5,4,7
typegoose,2023-02,2,1,1,1,1,1,1,1,1,2,2,1,1
dairai,2023-08,0,0,0,0,0,0,0,0,0,0,0,0,0
sixlabors,2023-02,15,14,13,13,13,11,10,11,11,10,9,10,11
sweidproject,2023-08,0,0,0,0,0,0,0,0,0,0,0,0,0
serialport,2023-02,1,1,1,1,1,1,1,1,1,2,2,2,2
infinite-canvas-tutorial,2023-08,0,0,0,0,0,0,0,0,0,0,0,0,0
rsstranslator,2023-08,0,0,0,0,0,0,0,0,0,0,0,0,0
intelowl-project,2023-02,0,0,0,0,1,1,2,2,2,1,1,1,1
joshjs,2023-08,0,0,0,0,0,0,0,0,0,0,0,0,0
golangci-lint,2023-08,0,0,0,0,0,0,0,0,0,0,0,0,0
polished,2023-02,1,1,1,1,1,1,1,1,1,1,1,1,1
nixos,2023-02,186,182,186,189,191,188,188,194,188,180,195,189,195
rita,2023-08,0,0,0,0,0,0,0,0,0,0,0,0,0
spring-oxygen,2023-08,0,0,0,0,0,0,0,0,0,0,0,0,0
java-jda,2023-02,3,3,3,6,5,5,7,6,5,6,6,6,7
vue3-sfc-loader,2024-01,0,0,0,0,0,0,2,1,1,1,1,1,1
botamusique,2023-08,0,0,0,0,0,0,0,0,0,0,0,0,0
panda-wallet,2023-11,0,0,0,0,0,0,3,5,5,5,5,4,4
advanced-java,2023-08,0,0,0,0,0,0,0,0,0,0,0,0,0
lucee,2023-02,60,60,58,57,58,60,61,64,59,60,64,64,62
dim,2023-02,381,357,355,329,1384,524,487,476,453,439,437,436,424
masscode,2023-02,11,7,8,7,6,9,8,9,6,7,5,7,7
amplifying-fsharp,2023-08,0,0,0,0,0,0,0,0,0,0,0,0,0
pug-php,2023-08,0,0,0,0,0,0,0,0,0,0,0,0,0
stay,2023-08,0,0,0,0,0,0,0,0,0,0,0,0,0
openaddresses,2023-02,96,101,105,107,142,121,110,108,102,104,97,107,105
courtbouillon,2023-02,14,16,14,15,14,15,15,18,16,15,13,13,16
w3develops-968,2023-08,0,0,0,0,0,0,0,0,0,0,0,0,0
mimium,2023-08,0,0,0,0,0,0,0,0,0,0,0,0,0
mirai-js,2023-08,0,0,0,0,0,0,0,0,0,0,0,0,0
jest-preview,2023-02,4,5,5,4,5,5,5,5,5,5,5,5,5
hashload,2023-03,1,1,1,1,0,0,1,1,1,1,2,1,1
tablam,2023-08,0,0,0,0,0,0,0,0,0,0,0,0,0
monibuca,2023-08,0,0,0,0,0,0,0,0,0,0,0,0,0
pionir,2023-02,0,1,0,0,2,2,1,1,1,2,1,0,1
banchan-art,2023-02,1,3,3,3,2,2,2,2,2,2,2,2,8
dataset-serialize,2023-08,0,0,0,0,0,0,0,0,0,0,0,0,0
lin-ui,2023-08,0,0,0,0,0,0,0,0,0,0,0,0,0
kaiyuan,2023-08,0,0,0,0,0,0,0,0,0,0,0,0,0
openapi-directory,2023-02,3,3,3,4,3,3,4,3,4,6,4,5,5
yeoman,2023-02,5,5,5,5,5,5,5,6,4,4,6,5,5
gentelella-rtl,2023-08,0,0,0,0,0,0,0,0,0,0,0,0,0
camerawesome,2023-08,0,0,0,0,0,0,0,0,0,0,0,0,0
blind_watermark,2023-08,0,0,0,0,0,0,0,0,0,0,0,0,0
sickchill,2023-08,0,0,0,0,0,0,0,0,0,0,0,0,0
django-river,2023-08,0,0,0,0,0,0,0,0,0,0,0,0,0
typeorm-fixtures,2023-02,0,0,0,1,1,1,1,1,1,2,1,1,1
vivaxy_personal,2023-08,0,0,0,0,0,0,0,0,0,0,0,0,0
x-cmd,2023-08,0,0,0,0,0,0,0,0,0,0,0,0,0
marshmallow,2023-02,5,4,3,3,3,3,2,2,2,3,2,2,1
classicpress,2023-02,8,10,8,6,9,6,8,8,7,8,6,7,5
mevn-cli,2023-08,0,0,0,0,0,0,0,0,0,0,0,0,0
csstree,2023-08,0,0,0,0,0,0,0,0,0,0,0,0,0
icecream,2023-08,0,0,0,0,0,0,0,0,0,0,0,0,0
opencyphal,2023-02,1,1,1,1,1,1,1,1,1,1,1,1,1
cpeditor,2023-08,0,0,0,0,0,0,0,0,0,0,0,0,0
webpack,2023-02,535,253,250,276,244,229,217,208,200,197,191,194,183
suneditor,2023-03,0,0,0,0,0,0,1,1,0,1,1,0,0
edoardottt,2023-08,0,0,0,0,0,0,0,0,0,0,0,0,0
react-pdf-js,2023-08,0,0,0,0,0,0,0,0,0,0,0,0,0
almalinux-os-foundation,2023-02,1,1,1,1,1,1,1,1,1,1,1,5,1
smug,2023-08,0,0,0,0,0,0,0,0,0,0,0,0,0
lumen,2023-08,0,0,0,0,0,0,0,0,0,0,0,0,0
react-cool-inview,2023-08,0,0,0,0,0,0,0,0,0,0,0,0,0
jetbrains-one-dark-theme,2023-02,2,1,1,1,1,1,2,1,1,1,1,1,1
tstl,2023-08,0,0,0,0,0,0,0,0,0,0,0,0,0
sim-c,2023-08,0,0,0,0,0,0,0,0,0,0,0,0,0
bundlephobia,2023-02,4,4,4,4,5,4,4,4,4,4,4,4,4
apiato,2023-11,0,0,0,0,0,0,1,0,0,0,0,0,0
metamask,2023-02,10,52,20,835,45,24,22,26,23,21,20,17,15
python-nox,2023-08,0,0,0,0,0,0,0,0,0,0,0,0,0
react-cool-portal,2023-08,0,0,0,0,0,0,0,0,0,0,0,0,0
codeception,2023-02,10,8,9,5,6,5,5,5,4,4,4,5,4
boardgameio,2023-02,5,5,5,5,5,5,3,4,5,4,3,4,5
catenarymaps,2023-08,0,0,0,0,0,0,0,0,0,0,0,0,0
filestash,2023-02,0,0,0,0,0,0,1,0,0,0,0,0,0
mikudos,2023-08,0,0,0,0,0,0,0,0,0,0,0,0,0
chillicream,2023-02,8,9,8,9,8,8,8,7,7,6,7,7,8
emacs-jupyter,2023-10,0,0,0,0,0,0,1,2,1,2,2,2,2
react-native-datetimepicker,2023-02,4,3,3,3,3,3,1,2,3,3,1,2,2
cadmium,2023-04,0,0,0,0,0,0,1,1,1,0,0,0,0
material-theme,2023-02,11,9,9,9,9,9,9,9,8,8,9,9,7
xanny-projects,2023-08,0,0,0,0,0,0,0,0,0,0,0,0,0
fastify,2023-11,0,0,0,0,0,0,1,1,0,1,2,1,1
uptime-kuma,2023-02,11,14,8,11,15,11,13,13,12,13,15,19,15
cooljeanius,2023-08,0,0,0,0,0,0,0,0,0,0,0,0,0
solidus,2023-02,18,18,16,16,17,16,15,14,14,14,14,14,13
positive_intentions,2023-08,0,0,0,0,0,0,0,0,0,0,0,0,0
vezel,2023-02,0,1,1,0,0,0,1,3,1,2,1,1,5
multrin,2023-08,0,0,0,0,0,0,0,0,0,0,0,0,0
solid,2023-02,27,29,30,28,28,31,29,31,30,30,37,35,35
fider,2023-02,34,32,31,30,29,29,29,28,28,28,25,25,23
gbdev,2023-02,5,3,3,4,5,6,5,5,6,5,4,5,6
rough,2023-02,3,3,3,3,3,2,1,1,2,1,1,1,1
whatsie,2023-02,0,0,0,0,0,0,1,0,0,1,1,0,0
minecase,2023-08,0,0,0,0,0,0,0,0,0,0,0,0,0
berty,2023-08,0,0,0,0,0,0,0,0,0,0,0,0,0
mspaintide,2023-08,0,0,0,0,0,0,0,0,0,0,0,0,0
cloudflare-dyns,2023-06,0,0,0,0,0,0,1,0,0,0,0,0,0
renative,2023-08,0,0,0,0,0,0,0,0,0,0,0,0,0
lairdubois-opencutlist-sketchup-extension,2023-02,61,53,50,41,44,46,48,239,91,92,56,53,42
intellij-rainbow-brackets,2023-02,3,8,5,6,8,6,15,23,14,16,26,27,27
bagisto,2023-08,0,0,0,0,0,0,0,0,0,0,0,0,0
qgis-ee-plugin,2023-08,0,0,0,0,0,0,0,0,0,0,0,0,0
emplea_do,2023-08,0,0,0,0,0,0,0,0,0,0,0,0,0
k2vr,2023-02,0,0,1,1,2,2,2,2,2,2,2,2,2
revery,2023-08,0,0,0,0,0,0,0,0,0,0,0,0,0
imaginary,2023-02,2,1,1,1,1,1,1,1,2,2,0,0,0
manyverse,2023-02,63,64,60,66,64,60,56,59,56,57,57,58,57
anti-xss,2023-08,0,0,0,0,0,0,0,0,0,0,0,0,0
korge,2023-08,0,0,0,0,0,0,0,0,0,0,0,0,0
covid19-tracker-cli,2023-08,0,0,0,0,0,0,0,0,0,0,0,0,0
occ,2023-02,1,1,1,1,1,1,1,1,1,1,1,1,1
imi,2023-08,0,0,0,0,0,0,0,0,0,0,0,0,0
chartbrew-os,2023-08,0,0,0,0,0,0,0,0,0,0,0,0,0
lobehub,2023-12,0,0,0,0,0,0,16,5,5,11,5,5,5
biome,2023-08,0,0,0,0,0,0,1,1,1,8,10,12,10
disable-devtool,2023-08,0,0,0,0,0,0,0,0,0,0,0,0,0
syncsettings,2023-08,0,0,0,0,0,0,0,0,0,0,0,0,0
iosdevspace,2023-02,0,0,0,17,10,12,14,13,13,15,18,17,16
dryer,2023-12,0,0,0,0,0,0,1,0,0,0,0,0,0
tgmeetup,2023-08,0,0,0,0,0,0,0,0,0,0,0,0,0
jamstatic,2023-08,0,0,0,0,0,0,0,0,0,0,0,0,0
wikijs,2023-02,31,31,30,30,30,30,20,27,25,25,28,25,25
cabal-club,2023-02,8,8,9,9,7,6,7,7,7,7,7,5,5
entityframeworkexceptions,2023-08,0,0,0,0,0,0,0,0,0,0,0,0,0
boa,2023-02,2,2,4,2,4,4,4,5,9,5,4,7,7
stardust-xr,2023-06,0,0,0,0,0,0,2,1,2,2,2,2,2
leaf,2023-02,2,3,2,2,2,6,1,3,3,1,1,1,1
webrtc-rs,2023-02,6,5,4,4,4,4,3,4,5,4,3,4,5
code-editor-land,2023-08,0,0,0,0,0,0,0,0,0,0,0,0,0
blockhorizons,2023-08,0,0,0,0,0,0,0,0,0,0,0,0,0
psl,2023-02,4,3,3,3,3,4,3,3,3,3,3,4,3
python-openbmclapi,2023-08,0,0,0,0,0,0,0,0,0,0,0,0,0
phoenix-ide,2023-07,0,0,0,0,0,0,1,0,1,1,1,1,1
termux,2023-02,11,16,14,11,11,7,15,10,11,10,10,10,15
flyimg,2023-08,0,0,0,0,0,0,0,0,0,0,0,0,0
networkx,2023-06,0,1,0,0,0,0,1,0,0,4,0,4,3
mailgo,2023-08,0,0,0,0,0,0,0,0,0,0,0,0,0
m68k-llvm-dev,2023-02,3,3,3,3,3,4,3,3,3,3,4,5,4
zookeeper-docker,2023-08,0,0,0,0,0,0,0,0,0,0,0,0,0
drupal-recording-initiative,2023-02,7,6,5,5,4,4,4,5,5,5,4,4,4
blazorise,2023-08,0,0,0,0,0,0,0,0,0,0,0,0,0
sketch-sh,2023-08,0,0,0,0,0,0,0,0,0,0,0,0,0
blazor-components,2023-08,0,0,0,0,0,0,0,0,0,0,0,0,0
craftjs,2023-02,6,8,7,7,6,6,6,7,6,8,6,6,7
helperx,2023-08,0,0,0,0,0,0,0,0,0,0,0,0,0
react-firebase-starter,2023-02,0,1,1,1,1,1,1,1,1,1,1,1,1
homepage,2024-02,0,0,0,0,0,0,1,2,4,3,4,3,4
schema-net,2023-08,0,0,0,0,0,0,0,0,0,0,0,0,0
react95,2023-04,0,0,0,0,0,0,1,0,0,0,0,0,0
sudo-project,2023-04,0,0,0,0,0,0,1,1,0,0,0,0,1
thestrukture,2023-08,0,0,0,0,0,0,0,0,0,0,0,0,0
lss-manager,2023-03,0,0,5,1,1,0,1,5,2,3,3,1,1
ventoy,2023-02,1,1,1,1,1,1,1,1,1,2,1,1,3
watergis,2023-08,0,0,0,0,0,0,0,0,0,0,0,0,0
blaze,2023-02,0,0,2,2,2,2,2,2,2,1,1,1,1
codecareer,2023-08,0,0,0,0,0,0,0,0,0,0,0,0,0
circuitverse,2023-08,0,0,0,0,0,0,0,0,0,0,0,0,0
kingfisher,2023-02,3,3,3,3,4,3,3,3,3,1,1,2,1
eruption,2023-08,0,0,0,0,0,0,0,0,0,0,0,0,0
userstyles,2023-07,0,0,0,0,0,0,1,0,0,0,2,1,0
react-native-image-crop-picker,2023-08,0,0,0,0,0,0,0,0,0,0,0,0,0
nest,2023-02,191,189,186,190,180,168,155,171,159,155,159,166,153
create-react-app,2023-02,4,3,4,3,3,2,2,2,2,2,4,2,2
tenacity,2023-02,3,2,2,1,1,1,1,1,3,1,1,1,1
graphql-voyager,2023-07,0,0,0,0,0,0,1,0,0,0,0,0,0
simplydjs,2023-08,0,0,0,0,0,0,0,0,0,0,0,0,0
planby,2023-04,0,0,0,0,0,0,2,1,1,2,3,3,3
overte,2023-03,0,0,0,0,0,0,6,3,3,1,1,3,6
osca,2023-02,4,3,3,3,3,3,3,5,2,2,4,3,6
ariakit,2023-02,10,9,9,9,11,9,9,9,10,10,8,8,10
libretime,2023-02,3,2,2,2,2,2,2,3,2,2,3,2,2
moleculer,2023-02,5,4,4,4,4,4,3,4,5,5,3,4,5
laradock,2023-02,18,18,21,20,20,18,14,14,17,19,18,19,13
fastapi-template,2023-08,0,0,0,0,0,0,0,0,0,0,0,0,0
cloudmusic-vscode,2023-08,0,0,0,0,0,0,0,0,0,0,0,0,0
nivo,2023-02,9,9,9,8,6,7,7,6,5,6,5,4,4
twcommunities,2023-08,0,0,0,0,0,0,0,0,0,0,0,0,0
javacord,2023-08,0,0,0,0,0,0,0,0,0,0,0,0,0
aes-everywhere,2023-08,0,0,0,0,0,0,0,0,0,0,0,0,0
gorush,2023-08,0,0,0,0,0,0,0,0,0,0,0,0,0
ronin-rb,2023-09,0,0,0,0,0,0,1,1,1,1,1,1,1
formiz,2023-08,0,0,0,0,0,0,0,0,0,0,0,0,0
cassandre-tech,2023-08,0,0,0,0,0,0,0,0,0,0,0,0,0
ferret,2023-08,0,0,0,0,0,0,0,0,0,0,0,0,0
serveside,2023-08,0,0,0,0,0,0,0,0,0,0,0,0,0
ant-design,2023-02,8,8,8,8,6,7,8,6,7,6,7,6,7
geysermc,2023-02,10,10,11,9,10,10,7,10,9,8,8,8,9
webonyx-graphql-php,2023-02,3,2,2,2,2,2,4,2,2,2,2,3,2
rsschool,2023-02,23,27,19,22,34,24,22,66,22,24,25,20,24
springbootunity,2023-08,0,0,0,0,0,0,0,0,0,0,0,0,0
daisyui,2023-02,10,9,10,12,16,14,17,19,16,17,22,17,22
sceneview,2023-10,0,0,0,0,0,0,1,0,1,0,1,1,0
hymps,2023-08,0,0,0,0,0,0,0,0,0,0,0,0,0
react-cool-starter,2023-08,0,0,0,0,0,0,0,0,0,0,0,0,0
codemarka_client,2023-08,0,0,0,0,0,0,0,0,0,0,0,0,0
simplcommerce,2024-02,0,0,0,0,0,0,1,1,1,0,0,0,0
flutter-form-builder-ecosystem,2023-04,0,0,0,0,0,0,1,0,0,0,0,0,0
simply,2023-03,0,0,0,0,0,0,1,0,0,0,0,0,0
opensourcebim,2023-02,16,17,20,32,28,34,32,41,43,38,47,51,53
rspec-tracer,2023-08,0,0,0,0,0,0,0,0,0,0,0,0,0
entropic,2023-08,0,0,0,0,0,0,0,0,0,0,0,0,0
ayer,2023-08,0,0,0,0,0,0,0,0,0,0,0,0,0
amogos,2023-06,0,0,0,0,0,0,1,0,0,0,0,0,0
editorjs,2023-02,20,19,19,19,19,23,23,20,19,19,18,20,19
swarmpit,2023-03,1,0,0,0,0,0,1,0,0,0,0,0,0
ant-motion,2023-08,0,0,0,0,0,0,0,0,0,0,0,0,0
redux-form,2023-02,1,1,1,1,1,1,1,1,1,1,1,1,1
reach-ui,2023-02,2,2,2,2,1,2,2,2,1,1,0,2,0
zino,2023-08,0,0,0,0,0,0,0,0,0,0,0,0,0
tiktoka-official,2023-08,0,0,0,0,0,0,0,0,0,0,0,0,0
pagic,2023-08,0,0,0,0,0,0,0,0,0,0,0,0,0
static-site-boilerplate,2023-08,0,0,0,0,0,0,0,0,0,0,0,0,0
nrepl,2023-02,3,3,3,3,3,3,3,3,3,3,2,3,2
ospic,2023-08,0,0,0,0,0,0,0,0,0,0,0,0,0
quasar-admin,2023-08,0,0,0,0,0,0,0,0,0,0,0,0,0
ninja-keys,2023-08,0,0,0,0,0,0,0,0,0,0,0,0,0
mollyim,2023-02,10,10,5,10,9,10,9,8,7,9,10,9,11
makersnetwork,2023-08,0,0,0,0,0,0,0,0,0,0,0,0,0
ant-design-blazor,2023-08,0,0,0,0,0,0,0,0,0,0,0,0,0
crow,2023-02,8,6,7,5,4,4,4,4,5,4,3,4,5
html-bundler-webpack-plugin,2023-10,0,0,0,0,0,0,1,0,0,0,0,0,0
open-research-calendar,2023-02,0,0,3,0,0,1,1,0,0,0,0,0,0
cloudboost,2023-08,0,0,0,0,0,0,0,0,0,0,0,0,0
unigraph-dev,2023-02,5,5,4,4,4,4,4,3,3,3,3,2,1
ainsley,2023-08,0,0,0,0,0,0,0,0,0,0,0,0,0
open-source-mac-os-apps,2023-08,0,0,0,0,0,0,0,0,0,0,0,0,0
go-app,2023-02,1,1,1,1,2,3,2,2,2,2,2,2,2
ambition-fund,2023-08,0,0,0,0,0,0,0,0,0,0,0,0,0
napi-rs,2023-02,0,0,0,0,0,1,1,1,1,1,1,1,1
xknx,2023-03,0,0,0,0,0,0,1,0,0,0,0,1,0
rillrate,2023-08,0,0,0,0,0,0,0,0,0,0,0,0,0
decentralized-internet,2023-08,0,0,0,0,0,0,0,0,0,0,0,0,0
timber,2023-02,0,0,0,0,0,0,3,4,6,5,5,5,6
biojulia,2023-08,0,0,0,0,0,0,0,0,0,0,0,0,0
dhall,2023-02,6,6,6,6,6,7,6,7,7,6,4,5,6
sholladay,2023-08,0,0,0,0,0,0,0,0,0,0,0,0,0
recallgraph,2023-08,0,0,0,0,0,0,0,0,0,0,0,0,0
fuse-box,2023-08,0,0,0,0,0,0,0,0,0,0,0,0,0
splitjs,2023-08,0,0,0,0,0,0,0,0,0,0,0,0,0
nativescript,2023-02,14,13,14,14,15,14,13,15,12,14,14,13,14
auto-clicker-autofill,2023-04,1,0,0,0,0,0,1,0,0,0,0,0,0
ohn,2023-02,1,1,1,1,1,1,1,1,1,1,1,1,1
slideshowp2,2023-08,0,0,0,0,0,0,0,0,0,0,0,0,0
quasar-admin-crm,2023-08,0,0,0,0,0,0,0,0,0,0,0,0,0
onelang,2023-08,0,0,0,0,0,0,0,0,0,0,0,0,0
mediasoup,2023-02,4,3,2,3,2,2,3,3,2,2,3,3,2
pulsar-edit,2023-02,0,0,0,2,24,25,21,18,18,12,14,13,15
stonedb,2023-08,0,0,0,0,0,0,0,0,0,0,0,0,0
update-informer,2023-08,0,0,0,0,0,0,0,0,0,0,0,0,0
go-coap,2023-08,0,0,0,0,0,0,0,0,0,0,0,0,0
otion,2023-08,0,0,0,0,0,0,0,0,0,0,0,0,0
ngx-progressbar,2023-08,0,0,0,0,0,0,0,0,0,0,0,0,0
electron-react-boilerplate,2023-08,0,0,0,0,0,0,0,0,0,0,0,0,0
spaceship-prompt,2023-08,0,0,0,0,0,0,0,0,0,0,0,0,0
react-cool-onclickoutside,2023-08,0,0,0,0,0,0,0,0,0,0,0,0,0
headwind,2023-08,0,0,0,0,0,0,0,0,0,0,0,0,0
drupal_gin,2023-02,5,5,5,6,5,5,7,5,6,7,8,8,9
zulip,2023-02,3,3,2,2,2,4,3,4,3,3,3,4,4
esmarconf,2023-02,0,0,0,1,0,0,1,0,1,0,1,0,0
python-webpack-boilerplate,2023-08,0,0,0,0,0,0,0,0,0,0,0,0,0
dragonetmc,2023-08,0,0,0,0,0,0,0,0,0,0,0,0,0
letterpad,2023-08,0,0,0,0,0,0,0,0,0,0,0,0,0
mastodon,2023-02,19,19,56,268,115,98,95,93,88,89,81,90,89
castopod,2023-05,0,0,0,0,0,0,1,0,0,0,3,1,1
rxts,2023-11,0,0,0,0,0,0,2,0,2,1,1,1,1
expresslrs,2023-02,31,41,31,32,26,36,32,29,31,29,29,32,43
gqless,2023-08,0,0,0,0,0,0,0,0,0,0,0,0,0
glaze,2023-08,0,0,0,0,0,0,0,0,0,0,0,0,0
envio,2023-08,0,0,0,0,0,0,0,0,0,0,0,0,0
allure-report,2023-08,0,0,0,0,0,0,0,0,0,0,0,0,0
xploitspy,2023-08,0,0,0,0,0,0,0,0,0,0,0,0,0
casbin,2023-03,1,1,1,2,1,0,1,2,1,0,1,2,1
github-readme-activity-graph,2023-08,0,0,0,0,0,0,0,0,0,0,0,0,0
wslutilities,2023-03,2,2,2,2,2,0,2,2,0,0,1,2,1
laravel-ecommerce,2023-08,0,0,0,0,0,0,0,0,0,0,0,0,0
zarm,2023-08,0,0,0,0,0,0,0,0,0,0,0,0,0
gitlink,2023-02,0,0,0,1,3,1,1,1,1,1,1,2,2
netbootxyz,2023-02,4,2,2,2,2,3,1,2,2,1,1,1,3
jsdelivr,2023-02,0,0,0,0,1,0,1,0,2,1,1,2,1
koin,2023-02,31,33,34,37,35,36,33,35,36,33,37,39,37
micro-web-stacks,2023-02,0,0,0,0,0,0,1,0,0,0,0,0,0
keepassxc,2023-02,33,33,31,35,35,32,39,35,36,34,38,33,36
ffplayout,2023-06,0,0,0,0,0,0,1,1,1,1,1,1,1
apollo,2023-03,0,0,0,0,0,0,1,0,0,0,0,0,0
vega-strike,2023-02,2,3,2,2,2,2,1,2,2,2,2,2,2
ui-avatars,2023-02,2,2,2,2,2,2,2,3,3,3,3,3,3
node-opcua,2023-02,4,4,4,4,3,3,3,3,3,3,4,3,3
poolifier,2023-08,0,0,0,0,0,0,0,0,0,0,0,0,0
atata,2023-03,0,0,0,0,1,0,1,1,1,1,1,1,1
redom,2023-12,0,0,0,0,0,0,1,0,0,0,0,0,0
standard-readme,2023-08,0,0,0,0,0,0,0,0,0,0,0,0,0
meshtastic,2023-02,12,11,11,16,13,12,12,14,17,15,14,15,20
sshportal,2023-08,0,0,0,0,0,0,0,0,0,0,0,0,0
lucide-icons,2023-04,0,0,0,0,0,0,1,0,0,2,0,0,0
endpoints4s,2023-08,0,0,0,0,0,0,0,0,0,0,0,0,0
pact-foundation,2023-02,2,2,2,2,2,2,2,2,2,2,3,2,3
graphql-compose,2023-02,3,4,4,4,4,2,2,2,2,2,2,4,4
lingua-franca,2023-08,0,0,0,0,0,0,0,0,0,0,0,0,0
dockstarter,2023-02,3,3,3,3,3,3,3,2,2,2,2,2,2
plus-pro-components,2023-08,0,0,0,0,0,0,0,0,0,0,0,0,0
swiftdatatables,2023-08,0,0,0,0,0,0,0,0,0,0,0,0,0
hexo,2023-02,5,5,5,5,5,5,4,4,4,5,4,4,3
backyourstack,2023-02,2,2,2,2,2,2,2,2,2,2,2,2,2
element-plus,2023-02,1,1,1,5,2,2,2,2,2,2,2,1,4
hotio_collective,2023-03,1,0,0,0,1,0,1,0,2,1,0,1,0
noice,2023-02,1,1,1,3,1,2,1,2,2,2,2,3,3
markdown-it,2023-04,1,3,1,1,0,0,1,1,0,1,2,1,0
linearmouse,2023-03,2,2,0,0,1,0,2,2,3,0,2,3,1
dan_divy,2023-08,0,0,0,0,0,0,0,0,0,0,0,0,0
donut,2023-08,0,0,0,0,0,0,0,0,0,0,0,0,0
farstar,2023-09,0,0,0,0,0,0,1,0,0,0,0,0,0
rottingresearch,2023-05,0,0,0,0,0,0,4,1,1,1,1,1,1
lem,2023-02,7,7,6,6,6,6,6,6,6,8,7,7,8
browserslist-useragent-regexp,2023-08,0,0,0,0,0,0,0,0,0,0,0,0,0
playfulprogramming,2024-02,0,0,0,0,0,0,5,1,0,0,0,0,0
passkit-generator,2023-02,1,1,1,1,2,2,1,1,0,0,0,0,0
tj-actions,2023-02,0,0,0,0,0,0,1,0,0,0,0,0,0
doks,2023-02,5,5,4,4,4,4,5,4,4,4,4,1,1
nvim-treesitter,2023-02,6,5,4,4,4,4,5,5,7,6,5,6,7
react-ace,2023-02,1,1,1,1,1,1,1,1,1,1,1,1,1
nthumods,2023-08,0,0,0,0,0,0,0,0,0,0,0,0,0
bugbakery,2023-04,1,0,1,0,0,0,1,0,0,0,0,0,0
p-brainai,2023-08,0,0,0,0,0,0,0,0,0,0,0,0,0
sinytra,2024-01,0,0,0,0,0,0,4,3,1,2,3,2,4
dasel,2023-08,0,0,0,0,0,0,0,0,0,0,0,0,0
sidekiq-batch,2023-08,0,0,0,0,0,0,0,0,0,0,0,0,0
react-dropzone,2023-02,4,4,6,4,5,4,4,4,4,4,4,4,4
ovenmediaengine,2023-02,12,10,9,9,8,8,7,7,6,6,6,5,5
flow-launcher,2023-03,1,1,1,1,2,0,2,2,1,0,1,3,1
go-api-boilerplate,2023-08,0,0,0,0,0,0,0,0,0,0,0,0,0
global-developer-network,2023-08,0,0,0,0,0,0,0,0,0,0,0,0,0
stylelint,2023-02,14,13,12,16,10,15,11,13,14,13,13,12,10
vimium-c,2023-02,0,0,0,1,2,1,1,2,0,0,0,0,0
anichartjs,2023-08,0,0,0,0,0,0,0,0,0,0,0,0,0
bassa,2023-08,0,0,0,0,0,0,0,0,0,0,0,0,0
bestofjs,2023-12,0,0,0,0,0,0,2,1,1,1,0,0,0
jrsonnet,2023-02,1,1,1,1,1,1,1,1,1,1,1,1,3
gaugekit,2023-08,0,0,0,0,0,0,0,0,0,0,0,0,0
flubucore,2023-08,0,0,0,0,0,0,0,0,0,0,0,0,0
evrimagaci,2023-08,0,0,0,0,0,0,0,0,0,0,0,0,0
imask,2023-03,1,0,0,0,0,0,1,0,0,3,1,0,0
snaphutao,2023-08,0,0,0,0,0,0,0,0,0,0,0,0,0
imglab,2023-08,0,0,0,0,0,0,0,0,0,0,0,0,0
opencore-legacy-patcher,2023-06,0,0,0,0,0,0,154,162,148,157,452,330,328
indieweb,2023-02,23,23,22,22,24,22,23,23,23,24,22,23,23
tsed,2023-02,2,2,2,2,2,2,2,2,2,2,2,3,2
teamlinker,2023-08,0,0,0,0,0,0,0,0,0,0,0,0,0
scalamonocle,2023-08,0,0,0,0,0,0,0,0,0,0,0,0,0
rspamd_project,2023-08,0,0,0,0,0,0,0,0,0,0,0,0,0
opensource-fluidnumerics,2023-08,0,0,0,0,0,0,0,0,0,0,0,0,0
evotec,2023-08,0,0,0,0,0,0,0,0,0,0,0,0,0
shuffle,2023-08,0,0,0,0,0,0,0,0,0,0,0,0,0
oc-shopaholic,2023-08,0,0,0,0,0,0,0,0,0,0,0,0,0
buildtest,2023-08,0,0,0,0,0,0,0,0,0,0,0,0,0
bincrafters,2023-08,0,0,0,0,0,0,0,0,0,0,0,0,0
laravel-shopify,2023-02,2,2,2,3,2,2,2,2,2,2,2,2,1
vue-tailwind,2023-08,0,0,0,0,0,0,0,0,0,0,0,0,0
arnft,2023-08,0,0,0,0,0,0,0,0,0,0,0,0,0
gitextensions,2023-02,14,16,15,18,16,19,19,12,10,13,13,10,12
kea,2023-08,0,0,0,0,0,0,1,0,0,0,0,0,0
eairp,2023-08,0,0,0,0,0,0,0,0,0,0,0,0,0
beetlex,2023-08,0,0,0,0,0,0,0,0,0,0,0,0,0
support-quicksi-cli,2023-08,0,0,0,0,0,0,0,0,0,0,0,0,0
wintercms,2023-02,1,3,3,3,3,3,3,7,9,6,5,7,6
galacean,2023-02,3,2,2,1,1,2,1,2,2,2,1,2,2
grid-trade-helper,2023-08,0,0,0,0,0,0,0,0,0,0,0,0,0
jsstore,2023-05,0,0,0,0,0,0,1,0,0,0,0,0,0
kingdom-hall-attendant,2023-08,0,0,0,0,0,0,0,0,0,0,0,0,0
bastion,2023-02,2,2,2,2,2,2,2,2,2,2,1,1,1
hoppscotch,2023-02,3,3,3,3,3,3,3,5,3,3,3,3,3
icon-shelf,2023-08,0,0,0,0,0,0,0,0,0,0,0,0,0
pranavpandeydev,2023-08,0,0,0,0,0,0,0,0,0,0,0,0,0
swiftui,2023-08,0,0,0,0,0,0,0,0,0,0,0,0,0
imagesharpavcodecformats,2023-08,0,0,0,0,0,0,0,0,0,0,0,0,0
fedml,2023-08,0,0,0,0,0,0,0,0,0,0,0,0,0
mautic,2023-02,14,14,13,17,15,17,14,15,28,14,19,16,34
vue-material,2023-08,0,0,0,0,0,0,0,0,0,0,0,0,0
deck-of-cards,2023-08,0,0,0,0,0,0,0,0,0,0,0,0,0
unchained,2023-08,0,0,0,0,0,0,0,0,0,0,0,0,0
tum-dev,2023-03,1,1,1,1,1,0,1,2,1,0,1,2,1
delta-chat,2023-02,4,4,4,5,5,5,4,4,5,4,6,4,4
fast-endpoints,2023-05,0,0,0,0,0,0,12,6,10,16,13,14,17
pester,2023-02,4,4,3,3,4,3,3,2,2,2,2,2,2
typia,2023-03,0,1,0,0,1,0,1,0,1,1,0,1,3
kendraio,2023-08,0,0,0,0,0,0,0,0,0,0,0,0,0
anudeepnd,2023-08,0,0,0,0,0,0,0,0,0,0,0,0,0
blue-fire,2023-02,0,0,0,0,0,0,1,1,1,1,2,1,3
universalviewer,2023-02,7,7,6,6,4,4,4,6,4,4,5,5,6
teledrive,2023-08,0,0,0,0,0,0,0,0,0,0,0,0,0
fossbilling,2023-02,1,1,4,3,7,5,4,5,6,4,3,5,7
redux-requests,2023-08,0,0,0,0,0,0,0,0,0,0,0,0,0
puppeteer-screen-recorder,2023-11,0,0,0,0,0,0,1,0,0,0,0,0,0
fe-theme,2023-08,0,0,0,0,0,0,0,0,0,0,0,0,0
rapidoc,2023-08,0,0,0,0,0,0,0,0,0,0,0,0,0
openfoodfacts-server,2023-02,3,3,3,3,3,2,1,1,1,1,1,2,1
truecharts,2023-06,0,0,0,0,0,0,2,16,27,27,26,36,41
flask-ckeditor,2023-08,0,0,0,0,0,0,0,0,0,0,0,0,0
dokku,2023-02,40,40,38,38,39,37,34,36,40,38,35,37,36
ccxt,2023-02,7,9,10,9,8,7,9,8,9,9,10,9,8
coderplanets,2023-08,0,0,0,0,0,0,0,0,0,0,0,0,0
richie-bendall,2023-08,0,0,0,0,0,0,0,0,0,0,0,0,0
responsively,2023-02,7,9,7,7,6,5,4,5,8,5,6,7,6
alexhua,2023-08,0,0,0,0,0,0,0,0,0,0,0,0,0
photoviewer,2023-08,0,0,0,0,0,0,1,0,0,0,0,0,0
spy-debugger,2023-08,0,0,0,0,0,0,0,0,0,0,0,0,0
gdbfrontend,2023-08,0,0,0,0,0,0,0,0,0,0,0,0,0
dribdat,2023-02,0,0,0,0,0,0,1,0,0,0,0,0,0
zhilidali,2023-08,0,0,0,0,0,0,0,0,0,0,0,0,0
rslint,2023-08,0,0,0,0,0,0,0,0,0,0,0,0,0
laravel-boilerplate,2023-08,0,0,0,0,0,0,0,0,0,0,0,0,0
freebsd-vm-bhyve,2023-08,0,0,0,0,0,0,0,0,0,0,0,0,0
meteor-up,2023-02,3,3,3,3,3,4,3,3,3,3,1,1,1
libvips,2023-02,9,10,8,8,9,12,10,12,10,7,11,9,9
modern-web,2023-02,29,26,27,26,27,23,21,24,24,25,28,33,32
instapy,2023-08,0,0,0,0,0,0,0,0,0,0,0,0,0
embroidermodder,2023-02,1,1,1,1,1,2,1,2,2,3,2,2,2
projectnaomi,2023-02,2,2,2,2,3,2,1,1,1,1,1,1,1
netsora,2023-08,0,0,0,0,0,0,0,0,0,0,0,0,0
vuepress,2023-02,1,2,1,2,2,3,2,2,1,1,1,1,1
dockovpn,2023-08,0,0,0,0,0,0,0,0,0,0,0,0,0
techphantoms,2023-08,0,0,0,0,0,0,0,0,0,0,0,0,0
pcp,2023-06,1,1,0,0,0,0,2,0,0,0,0,0,0
acmesh,2023-02,10,9,10,9,9,7,7,7,7,7,8,7,7
bootstrap-table,2023-02,51,52,51,52,52,60,44,52,44,43,46,48,50
nest-cloud,2023-08,0,0,0,0,0,0,0,0,0,0,0,0,0
react-redux-firebase,2023-08,0,0,0,0,0,0,0,0,0,0,0,0,0
react-cool-img,2023-08,0,0,0,0,0,0,0,0,0,0,0,0,0
harmony,2023-08,0,0,0,0,0,0,0,0,0,0,0,0,0
vexip-ui,2023-08,0,0,0,0,0,0,0,0,0,0,0,0,0
inferno,2023-02,10,9,10,10,10,10,9,10,10,10,11,12,11
latex-workshop,2023-08,0,0,0,0,0,0,0,0,0,0,0,0,0
axe-api,2023-08,0,0,0,0,0,0,0,0,0,0,0,0,0
ngx-clipboard,2023-08,0,0,0,0,0,0,0,0,0,0,0,0,0
crowbartools,2023-02,7,8,10,8,7,8,11,9,10,9,9,8,7
shields,2023-02,24,24,24,22,24,23,21,22,21,21,24,24,24
pixijs,2023-02,15,19,17,17,22,19,19,15,16,15,15,15,13
suitecrm,2023-02,3,3,3,3,2,3,2,1,3,0,1,0,0
sorry-cypress,2023-02,1,1,1,1,1,1,1,1,1,1,2,1,1
sciencefair,2023-08,0,0,0,0,0,0,0,0,0,0,0,0,0
emberjs,2023-02,13,11,11,10,12,10,11,10,8,7,6,5,7
level,2023-02,3,2,2,2,2,2,2,1,1,1,1,1,1
whitestormjs,2023-08,0,0,0,0,0,0,0,0,0,0,0,0,0
dbgate,2023-03,2,2,1,1,1,0,1,2,1,1,3,3,2
koel,2023-02,3,3,2,3,2,2,2,2,3,3,3,3,4
time-to-hack,2023-08,0,0,0,0,0,0,0,0,0,0,0,0,0
graphql-flutter,2023-02,2,3,3,3,3,3,3,3,3,3,3,3,2
bottomsheet,2023-08,0,0,0,0,0,0,0,0,0,0,0,0,0
rustforweb,2023-08,0,0,0,0,0,0,0,0,0,0,0,0,0
libra,2023-08,0,0,0,0,0,0,0,0,0,0,0,0,0
fe-pilot,2023-08,0,0,0,0,0,0,0,0,0,0,0,0,0
scidsg,2023-06,0,1,0,0,0,0,1,0,0,0,0,0,3
simplestatemachine,2023-08,0,0,0,0,0,0,0,0,0,0,0,0,0
bootstrap-vue,2023-02,111,104,104,109,102,110,88,88,84,78,87,97,77
retrospring,2023-02,0,0,0,0,0,3,6,2,3,2,1,2,3
codingcoach-io,2023-08,0,0,0,0,0,0,6,3,3,3,3,3,3
actuallycolab,2023-08,0,0,0,0,0,0,0,0,0,0,0,0,0
scuffle,2023-02,0,0,0,0,0,0,1,0,2,0,0,0,9
use-places-autocomplete,2023-08,0,0,0,0,0,0,0,0,0,0,0,0,0
pygad,2023-02,0,0,0,0,1,1,1,1,2,2,2,2,2
filips123,2023-08,0,0,0,0,0,0,0,0,0,0,0,0,0
kivymd,2023-02,8,7,5,5,5,5,5,5,5,5,5,6,6
deckdeckgo,2023-08,0,0,0,0,0,0,0,0,0,0,0,0,0
peercoin,2023-02,9,9,9,9,9,9,8,7,5,5,4,4,4
cadcad1,2023-02,1,1,1,1,2,2,2,2,1,1,1,1,1
librecad,2023-02,0,0,40,59,77,71,71,86,64,75,68,89,80
haxe,2023-02,1,1,1,1,1,1,1,1,1,1,1,1,1
task,2023-02,8,9,8,7,7,7,6,6,8,7,9,8,6
foxify,2023-08,0,0,0,0,0,0,0,0,0,0,0,0,0
sqlkata,2023-02,0,0,0,0,0,0,1,1,1,1,1,1,1
arrayy,2023-08,0,0,0,0,0,0,0,0,0,0,0,0,0
osmocom,2023-02,2,2,3,3,2,3,2,2,2,2,1,2,1
crystal-lang,2023-02,71,71,70,68,67,73,68,76,75,80,88,87,92
vikunja,2023-03,0,2,0,0,0,0,1,1,2,1,2,2,1
pytorch-ignite,2023-08,0,0,0,0,0,0,0,0,0,0,0,0,0
figura,2023-07,0,0,0,0,0,0,3,4,6,5,3,6,4
dragonfire,2023-08,0,0,0,0,0,0,0,0,0,0,0,0,0
javaistic,2024-01,0,0,0,0,0,0,1,0,0,0,0,0,0
systemjs,2023-02,3,3,3,3,3,3,3,4,3,3,3,3,3
pyodide,2023-02,12,9,10,10,11,11,11,10,11,10,9,10,11
ihateregex,2023-08,0,0,0,0,0,0,0,0,0,0,0,0,0
fossify,2023-08,0,0,0,0,0,0,0,0,0,0,0,0,0
datacap,2023-08,0,0,0,0,0,0,0,0,0,0,0,0,0
starship,2023-02,3,2,2,4,3,4,3,4,5,4,4,4,5
grain,2023-02,2,3,3,4,4,4,4,3,3,3,3,3,3
malluscript,2023-10,0,0,0,0,0,0,1,0,0,0,0,0,0
web-scrobbler,2023-02,4,5,3,4,4,5,6,7,2,18,72,49,37
vuejs,2023-02,97,83,88,90,93,91,86,87,94,97,93,86,84
webdrivermanager,2023-02,3,5,3,3,3,3,3,3,2,2,2,2,4
tenancy,2023-02,1,1,1,1,1,1,1,1,1,1,0,0,0
react-awesome-loaders,2023-08,0,0,0,0,0,0,0,0,0,0,0,0,0
gprmax,2023-08,0,0,0,0,0,0,0,0,0,0,0,0,0
ie11customproperties,2023-08,0,0,0,0,0,0,0,0,0,0,0,0,0
userfrosting,2023-02,1,1,1,1,1,1,1,1,1,1,1,1,1
thorvg,2023-08,0,0,0,0,0,0,0,0,0,0,0,0,0
php-standard-library,2023-08,0,0,0,0,0,0,0,0,0,0,0,0,0
pypy,2023-02,11,11,12,9,11,10,8,10,9,9,9,8,11
php-flasher,2023-08,0,0,0,0,0,0,0,0,0,0,0,0,0
quinn-rs,2023-08,0,0,0,0,0,0,0,0,0,0,0,0,0
baseball-scoreboard,2023-08,0,0,0,0,0,0,0,0,0,0,0,0,0
bootstrap-vue-next,2023-05,0,0,0,0,0,0,1,1,5,4,4,5,5
stride3d,2023-02,18,19,14,13,12,15,12,12,14,12,12,13,12
nekox,2023-08,0,0,0,0,0,0,0,0,0,0,0,0,0
esm,2023-08,0,0,0,0,0,0,1,1,1,2,1,1,2
clio,2023-09,0,0,0,0,0,0,1,0,0,0,0,0,0
fmbot,2023-02,19,24,35,46,50,73,85,83,86,102,104,87,90
babashka,2023-02,5,5,5,4,4,5,5,5,5,5,5,5,5
ohmyform-sustainability,2023-03,0,0,0,0,0,0,1,0,1,1,1,1,0
resxresourcemanager,2023-08,0,0,0,0,0,0,0,0,0,0,0,0,0
grey-software,2023-02,1,1,1,1,1,1,1,1,1,1,1,1,1
distroav,2023-08,0,0,0,0,0,0,0,0,0,0,0,0,0
go-on-rails,2023-08,0,0,0,0,0,0,0,0,0,0,0,0,0
linuxserver,2023-02,80,77,71,76,76,79,69,73,71,68,69,71,72
dorita980,2023-08,0,0,0,0,0,0,0,0,0,0,0,0,0
lychee-collective,2023-02,0,0,1,1,1,2,1,1,1,1,1,1,0
formily,2023-08,0,0,0,0,0,0,0,0,0,0,0,0,0
signdict1,2023-08,0,0,0,0,0,0,0,0,0,0,0,0,0
ng-web-apis,2023-08,0,0,0,0,0,0,0,0,0,0,0,0,0
capgo,2023-08,0,0,0,0,0,0,0,0,0,0,0,0,0
loading-attribute-polyfill,2023-08,0,0,0,0,0,0,0,0,0,0,0,0,0
substats,2023-08,0,0,0,0,0,0,0,0,0,0,0,0,0
jaeles-project,2023-08,0,0,0,0,0,0,0,0,0,0,0,0,0
electron,2023-02,13,15,14,12,13,13,14,12,12,13,13,15,9
wikicensorship,2023-08,0,0,0,0,0,0,0,0,0,0,0,0,0
pgrouting,2023-02,0,0,0,1,1,1,1,1,1,1,1,0,0
jitesoft-open-source,2023-08,0,0,0,0,0,0,0,0,0,0,0,0,0
oapi-codegen,2023-08,0,0,0,0,0,0,0,0,0,0,0,0,0
react-lifecycle-methods-diagram,2023-08,0,0,0,0,0,0,0,0,0,0,0,0,0
autocompletejs,2023-08,0,0,0,0,0,0,0,0,0,0,0,0,0
oslllo-svg-fixer,2023-08,0,0,0,0,0,0,0,0,0,0,0,0,0
posthtml,2023-08,0,0,0,0,0,0,0,0,0,0,0,0,0
api-platform,2023-08,0,0,0,0,0,0,0,0,0,0,0,0,0
galio,2023-08,0,0,0,0,0,0,0,0,0,0,0,0,0
x-spreadsheet,2023-08,0,0,0,0,0,0,2,0,0,0,0,0,0
logseq,2023-02,403,567,686,1283,1670,2044,2341,2667,2835,2939,2999,3112,3205
joomla-component-builder,2023-02,6,3,1,6,4,4,12,5,5,5,2,2,3
qubes-os,2023-02,135,125,127,121,129,123,126,119,120,124,127,129,132
diabot,2023-04,0,0,0,0,0,0,4,2,1,1,1,1,1
resuminator,2023-08,0,0,0,0,0,0,0,0,0,0,0,0,0
updatecli,2023-08,0,0,0,0,0,0,0,0,0,0,0,0,0
rsuite,2023-11,0,0,0,0,0,0,1,0,0,0,0,0,0
homebrew,2023-02,22,25,21,29,40,28,38,39,40,37,33,36,42
alvr,2023-02,8,6,6,11,6,6,5,5,3,2,2,4,4
tockler,2023-08,0,0,0,0,0,0,0,0,0,0,0,0,0
whatsapp-for-linux,2023-02,1,1,1,1,1,1,1,1,1,1,1,1,1
bcneng,2023-02,0,0,13,7,5,4,4,4,6,4,6,5,6
rx-angular,2023-02,3,3,4,3,4,3,3,3,3,3,3,2,2
discordnet,2023-02,4,4,4,5,5,4,4,4,5,4,4,3,4
typegraphql,2023-02,16,13,13,12,16,14,11,12,13,12,11,13,12
protoc-gen-ts,2023-02,0,1,1,2,1,1,1,0,0,0,0,0,0
serverless-nextjs-plugin,2023-02,2,1,2,2,0,2,1,1,1,0,1,0,0
hospitalrun,2023-02,4,3,4,5,3,4,3,3,3,1,3,2,1
novavideoplayer,2023-02,3,2,1,1,2,1,2,1,2,1,2,1,1
seotopper,2023-08,0,0,0,0,0,0,0,0,0,0,0,0,0
leetcode-rating-predictor,2023-08,0,0,0,0,0,0,0,0,0,0,0,0,0
fastpack,2023-08,0,0,0,0,0,0,0,0,0,0,0,0,0
scikit-opt,2023-08,0,0,0,0,0,0,0,0,0,0,0,0,0
buka,2023-02,1,1,1,1,1,1,1,1,1,1,1,1,1
graphql-shield,2023-02,1,1,1,1,1,1,1,1,1,1,1,1,1
realyoungchief,2023-08,0,0,0,0,0,0,0,0,0,0,0,0,0
rust-battery,2023-08,0,0,0,0,0,0,0,0,0,0,0,0,0
athens,2023-08,0,0,0,0,0,0,0,0,0,0,0,0,0
heylinda,2023-08,0,0,0,0,0,0,0,0,0,0,0,0,0
mapletestimony,2023-02,0,0,0,0,0,0,1,0,0,1,0,0,0
serenityapp,2023-08,0,0,0,0,0,0,0,0,0,0,0,0,0
ng-alain,2023-08,0,0,0,0,0,0,0,0,0,0,0,0,0
enraged-rabbit-community,2023-08,0,0,0,0,0,0,0,0,0,0,0,0,0
vssue,2023-08,0,0,0,0,0,0,0,0,0,0,0,0,0
librepcb,2023-08,0,0,0,0,0,0,1,2,1,1,1,1,1
ffmpegwasm,2023-08,0,0,0,0,0,0,0,0,0,0,0,0,0
code-spell-checker,2023-02,0,1,0,2,3,2,1,2,1,1,1,1,1
gitthermal,2023-08,0,0,0,0,0,0,0,0,0,0,0,0,0
fast-xml-parser,2023-05,0,0,0,0,0,0,1,1,1,1,1,1,1
cleancodedotnet,2023-08,0,0,0,0,0,0,0,0,0,0,0,0,0
sparcle-studio,2023-08,0,0,0,0,0,0,0,0,0,0,0,0,0
react-pdf,2023-02,9,8,7,6,7,6,5,5,5,5,6,6,6
ajv-typescript,2023-08,0,0,0,0,0,0,0,0,0,0,0,0,0
theabbie,2023-08,0,0,0,0,0,0,0,0,0,0,0,0,0
laravel-admin,2023-02,2,2,3,2,2,2,2,2,2,2,2,2,2
react-spring,2023-02,14,13,13,13,12,10,10,10,10,10,10,10,9
single-spa,2023-02,2,2,2,2,2,2,3,2,1,1,1,1,1
coopcycle,2023-02,1,0,1,1,1,2,1,1,1,1,1,1,1
lego-build-collective,2023-08,0,0,0,0,0,0,0,0,0,0,0,0,0
cncjs,2023-02,3,2,2,2,3,2,3,3,6,4,3,4,6
polka,2023-08,0,0,0,0,0,0,0,0,0,0,0,0,0
vue-native-core,2023-08,0,0,0,0,0,0,0,0,0,0,0,0,0
dstack,2023-08,0,0,0,0,0,0,0,0,0,0,0,0,0
js-sdsl,2023-08,0,0,0,0,0,0,0,0,0,0,0,0,0
recharts,2023-02,3,3,2,2,2,2,2,2,0,0,1,1,1
opt-out-tools,2023-08,0,0,0,0,0,0,0,0,0,0,0,0,0
teamamaze,2023-08,0,0,0,0,0,0,0,0,0,0,0,0,0
typedclojure,2023-02,3,3,3,3,3,3,2,2,2,2,2,2,2
prismlauncher,2023-02,0,0,21,15,14,17,17,19,21,18,23,22,24
learnawesome,2023-08,0,0,0,0,0,0,0,0,0,0,0,0,0
ryan-zayne,2023-08,0,0,0,0,0,0,0,0,0,0,0,0,0
flutter-webrtc,2023-02,3,3,4,4,5,4,3,1,1,1,1,2,2
carbon,2023-02,8,8,8,8,7,6,6,7,7,7,10,10,9
prowlarr,2023-02,17,16,17,15,18,19,18,18,21,19,18,21,22
openapi-ts,2023-08,0,0,0,0,0,0,0,0,0,0,0,0,0
kmon,2023-08,0,0,0,0,0,0,0,0,0,0,0,0,0
rpa_developer_roadmap,2023-08,0,0,0,0,0,0,0,0,0,0,0,0,0
plzmasdk,2023-08,0,0,0,0,0,0,0,0,0,0,0,0,0
sunpy,2023-03,2,3,2,0,1,0,2,0,0,0,0,0,1
dfir-iris,2023-07,0,0,0,0,0,0,1,2,2,2,3,5,4
chaoss,2023-06,0,1,0,0,0,0,1,0,0,0,0,1,1
writefreely,2023-02,1,1,1,1,1,6,3,2,2,2,2,2,2
simpleui,2023-08,0,0,0,0,0,0,0,0,0,0,0,0,0
skylines,2023-02,4,4,3,3,3,3,3,3,2,2,2,2,2
simplednscrypt,2023-02,4,2,2,3,1,2,2,2,2,2,2,3,2
igraph,2023-08,0,0,0,0,0,0,0,0,0,0,0,0,0
zmkfirmware,2023-02,8,12,9,10,15,13,10,10,9,10,9,11,7
cake,2023-02,3,3,3,4,3,3,3,3,4,3,3,3,3
natives-in-tech,2023-02,11,11,14,20,22,18,16,18,19,15,16,14,13
reia,2023-08,0,0,0,0,0,0,0,0,0,0,0,0,0
clojure-lsp,2023-02,9,8,8,7,7,7,6,7,8,7,6,8,8
quantum,2023-02,2,2,2,2,1,1,1,1,1,1,1,0,0
cameraview,2023-08,0,0,0,0,0,0,0,0,0,0,0,0,0
trefle,2023-08,0,0,0,0,0,0,0,0,0,0,0,0,0
rust-lang-ru,2023-02,1,1,2,3,1,1,2,1,1,1,1,1,2
chatmosphere,2023-09,0,0,0,0,0,0,1,0,0,0,0,0,0
just-the-docs,2023-03,0,0,0,0,1,0,1,2,2,1,1,1,1
vuepress-theme-hope,2023-02,1,1,1,1,1,1,1,1,1,1,1,1,1
wpcore,2023-08,0,0,0,0,0,0,0,0,0,0,0,0,0
ssh-action,2023-04,1,1,1,1,0,0,1,0,0,0,0,0,0
infyomlabs,2023-07,0,0,0,0,0,0,2,2,0,0,0,0,0
plyr,2023-08,0,0,0,0,0,0,0,0,0,0,0,0,0
ory,2023-02,7,6,8,7,7,18,3,0,0,0,0,0,0
openml,2023-02,1,2,2,2,2,2,2,3,2,2,2,2,2
goodwork,2023-08,0,0,0,0,0,0,0,0,0,0,0,0,0
react-cool-virtual,2023-08,0,0,0,0,0,0,0,0,0,0,0,0,0
midori-browser,2023-08,0,0,0,0,0,0,0,0,0,0,0,0,0
webqit,2023-08,0,0,0,0,0,0,0,0,0,0,0,0,0
styleguidist,2023-02,3,3,3,3,3,3,3,3,2,2,2,2,2
existdb,2023-08,0,0,0,0,0,0,0,0,0,0,0,0,0
openmined,2023-02,9,12,15,9,12,7,5,5,6,5,5,7,7
spina,2023-02,6,5,5,5,5,3,2,2,2,2,3,2,2
react-native-health-connect,2023-08,0,0,0,0,0,0,0,0,0,0,0,0,0
android-password-store,2023-02,12,10,9,8,7,8,6,7,7,7,5,6,9
restrequest4delphi,2023-08,0,0,0,0,0,0,0,0,0,0,0,0,0
plgd-cloud,2023-08,0,0,0,0,0,0,0,0,0,0,0,0,0
datalist-polyfill,2023-08,0,0,0,0,0,0,0,0,0,0,0,0,0
sming,2023-02,2,2,2,2,2,2,2,2,2,2,1,1,1
stdlib,2023-11,0,0,0,0,0,0,1,0,1,1,1,1,2
python-trio,2023-03,1,1,1,1,1,0,2,2,1,0,1,2,1
contributor-covenant,2023-02,3,3,2,2,2,2,2,2,2,2,3,3,4
nestjsx,2023-02,2,2,1,1,1,1,1,1,1,1,1,1,1
clj-kondo,2023-02,2,3,3,3,3,3,3,3,4,4,3,3,3
isomorphic-git,2023-08,0,0,0,0,0,0,0,0,0,0,0,0,0
buskill,2023-04,0,0,0,0,0,0,1,0,0,0,0,0,0
vontigo,2023-08,0,0,0,0,0,0,0,0,0,0,0,0,0
nservicebusextensions,2023-02,1,1,1,2,2,2,3,3,2,2,2,2,2
extensionjs,2023-08,0,0,0,0,0,0,0,0,0,0,0,0,0
ng-matero,2023-05,0,0,0,0,0,0,1,0,0,0,0,0,1
go-carbon,2023-08,0,0,0,0,0,0,0,0,0,0,0,0,0
rollup,2023-02,19,18,18,17,17,16,17,21,20,22,22,21,21
gorm,2023-02,4,4,5,5,4,2,2,2,2,2,2,2,2
react-admin,2023-05,0,0,0,0,0,0,1,1,1,1,1,1,1
aurora,2023-08,0,0,0,0,0,0,0,0,0,0,0,0,0
doctoolchain,2023-02,2,2,2,2,4,2,2,2,2,2,2,1,2
eprintstacktrace,2023-08,0,0,0,0,0,0,0,0,0,0,0,0,0
ts-import-plugin,2023-08,0,0,0,0,0,0,0,0,0,0,0,0,0
deca-ui,2023-02,0,0,3,2,3,3,3,3,3,3,3,1,0
exchangeratehost,2023-02,4,4,4,4,3,3,4,4,4,5,11,0,0
tracardi-cdp,2023-02,1,1,3,3,2,2,2,1,3,2,2,1,2
tiptap,2024-02,0,0,0,0,0,0,1,0,0,0,0,0,0
utensorai,2023-08,0,0,0,0,0,0,0,0,0,0,0,0,0
vue-lazy-hydration,2023-08,0,0,0,0,0,0,0,0,0,0,0,0,0
fisker,2023-08,0,0,0,0,0,0,0,0,0,0,0,0,0
brainflow,2023-02,1,4,3,3,4,3,3,4,4,2,3,3,4
codenteq,2023-08,0,0,0,0,0,0,0,0,0,0,0,0,0
worldimprovementlab,2023-08,0,0,0,0,0,0,0,0,0,0,0,0,0
deskreen,2024-01,0,0,0,0,0,0,1,0,0,0,0,0,0
keeweb,2023-02,43,35,34,37,31,38,30,31,29,30,26,25,27
pyrogram,2023-02,1,1,1,1,1,2,3,2,1,1,1,1,3
theta-wave,2023-08,0,0,0,0,0,0,0,0,0,0,0,0,0
vvvebjs,2023-08,0,0,0,0,0,0,0,0,0,0,0,0,0
yandeu,2023-08,0,0,0,0,0,0,0,0,0,0,0,0,0
wppconnect,2023-08,0,0,0,0,0,0,0,0,0,0,0,0,0
ffpopup,2023-08,0,0,0,0,0,0,0,0,0,0,0,0,0
xplorer,2023-08,0,0,0,0,0,0,0,0,0,0,0,0,0
fuse-open,2023-08,0,0,0,0,0,0,0,0,0,0,0,0,0
wangeditor,2023-09,0,0,0,0,0,0,2,0,0,0,0,0,0
rwf2,2023-11,0,0,0,0,0,0,2,8,8,4,4,0,0
zws,2023-08,0,0,0,0,0,0,0,0,0,0,0,0,0
docker-slim,2023-08,0,0,0,0,0,0,0,0,0,0,0,0,0
monitoror,2023-08,0,0,0,0,0,0,0,0,0,0,0,0,0
androidlocalizeplugin,2023-02,0,1,0,0,0,0,1,0,0,0,0,0,0
boruta-server,2023-06,0,0,0,0,0,0,1,0,0,0,0,0,0
taon,2023-06,0,0,0,0,0,0,1,0,0,0,0,0,0
ksnip,2023-08,0,0,0,0,0,0,0,0,0,0,0,0,0
codehike,2023-02,2,2,2,2,2,1,1,2,0,0,0,0,0
ts-graphviz,2023-08,0,0,0,0,0,0,0,0,0,0,0,0,0
konstaui,2023-02,2,1,2,2,2,1,2,2,2,2,3,4,2
easy_profiler,2023-08,0,0,0,0,0,0,0,0,0,0,0,0,0
flybywire,2023-02,149,132,141,119,134,126,155,131,135,125,123,119,107
duostories,2023-08,0,0,0,0,0,0,3,0,2,2,2,4,2
hydra,2023-08,0,0,0,0,0,0,0,0,0,0,0,0,0
boxicons,2023-06,0,0,0,0,0,0,1,0,0,0,0,1,0
onelinerhub,2023-08,0,0,0,0,0,0,0,0,0,0,0,0,0
farmos,2023-02,24,24,23,23,23,22,21,21,21,22,20,20,20
eslint,2023-02,87,84,85,87,84,82,87,83,85,85,84,80,78
cheathub,2023-08,0,0,0,0,0,0,0,0,0,0,0,0,0
three-dots,2023-08,0,0,0,0,0,0,0,0,0,0,0,0,0
lidarr,2023-02,22,24,24,23,26,29,25,28,27,26,25,27,27
piano,2023-08,0,0,0,0,0,0,0,0,0,0,0,0,0
ozw,2023-02,1,1,1,1,1,1,1,1,1,1,1,1,1
decidim,2023-02,0,0,10,24,9,8,2,5,1,10,1,5,0
react-design-editor,2023-08,0,0,0,0,0,0,0,0,0,0,0,0,0
resilience-web,2023-02,3,3,3,2,3,4,4,3,4,3,3,4,3
ctrl-f-plus-chrome-extension,2023-08,0,0,0,0,0,0,0,0,0,0,0,0,0
raccoonscode,2023-08,0,0,0,0,0,0,0,0,0,0,0,0,0
kevinrwhitley,2023-08,0,0,0,0,0,0,0,0,0,0,0,0,0
easy-peasy,2023-02,1,1,1,1,2,1,2,2,2,1,1,2,2
one-captcha,2023-08,0,0,0,0,0,0,0,0,0,0,0,0,0
unts,2023-03,0,0,0,0,0,0,1,1,1,1,1,1,1
litestar,2023-05,0,0,0,0,0,0,1,1,2,4,3,2,4
node-argon2,2023-08,0,0,0,0,0,0,0,0,0,0,0,0,0
xoid,2023-08,0,0,0,0,0,0,0,0,0,0,0,0,0
pythonseverywhere,2023-02,0,0,0,0,0,1,1,0,0,0,0,0,0
intelligo,2023-08,0,0,0,0,0,0,0,0,0,0,0,0,0
fullstackdev,2023-08,0,0,0,0,0,0,0,0,0,0,0,0,0
laravelmetatags,2023-08,0,0,0,0,0,0,0,0,0,0,0,0,0
lume,2023-02,1,2,0,0,0,2,1,0,0,1,0,0,0
vuesax,2023-02,0,1,1,1,1,1,1,0,0,0,0,0,0
convene,2023-03,0,0,0,0,0,0,2,1,1,0,0,0,0
open5gs,2023-02,6,5,6,4,5,4,4,4,5,5,4,6,4
pyke-osai,2023-09,0,0,0,0,0,0,2,2,1,3,1,2,2
aedes,2023-08,0,0,0,0,0,0,0,0,0,0,0,0,0
stashapp,2023-02,71,73,78,83,90,84,91,95,98,98,102,110,119
corgi,2023-08,0,0,0,0,0,0,0,0,0,0,0,0,0
prettier-ruby,2023-02,3,3,3,3,4,3,3,4,2,3,3,3,3
pylabel,2023-08,0,0,0,0,0,0,0,0,0,0,0,0,0
lawnchair,2023-08,0,0,0,0,0,0,0,0,0,0,0,0,0
web-gallery-of-art,2023-08,0,0,0,0,0,0,0,0,0,0,0,0,0
spacebar,2023-02,4,4,5,5,4,3,4,4,3,2,2,2,1
sanic-org,2023-02,3,5,4,3,3,3,3,3,3,3,3,3,3
rocketmod,2023-08,0,0,0,0,0,0,0,0,0,0,0,0,0
uvdesk,2023-08,0,0,0,0,0,0,0,0,0,0,0,0,0
kairos-research-lab,2023-02,0,0,0,2,9,2,1,1,2,1,1,2,1
stopmodreposts,2023-06,0,0,0,0,0,0,1,0,0,0,0,0,0
openapi-stack,2023-08,0,0,0,0,0,0,0,0,0,0,0,0,0
zoomment,2023-08,0,0,0,0,0,0,0,0,0,0,0,0,0
nextauth,2023-02,9,10,8,13,6,10,10,12,12,12,10,10,10
skia4delphi,2023-02,2,2,1,2,2,2,2,1,2,1,3,2,1
oddbird-open-source,2023-11,0,0,0,0,0,0,1,0,0,0,0,9,7
gacp,2023-02,0,0,0,0,0,1,1,1,1,1,1,1,1
cglm,2023-03,0,0,0,0,0,0,1,0,0,0,0,1,0
database_consistency,2023-02,1,1,1,2,2,1,1,1,1,1,1,2,2
umap,2023-08,0,0,0,0,0,0,3,0,2,0,1,2,0
filbert-js,2023-08,0,0,0,0,0,0,0,0,0,0,0,0,0
emma-cli,2023-08,0,0,0,0,0,0,0,0,0,0,0,0,0
phantomui,2023-08,0,0,0,0,0,0,0,0,0,0,0,0,0
vividus,2023-03,1,1,1,0,1,0,1,2,1,0,1,2,1
tnb,2023-08,0,0,0,0,0,0,0,0,0,0,0,0,0
php_codesniffer,2023-12,0,0,0,0,0,0,39,35,30,32,33,32,33
losslesscut,2023-02,0,1,2,1,1,5,3,2,4,3,2,3,1
selenium,2023-09,0,0,0,0,0,0,14,6,3,5,6,5,6
freki,2023-08,0,0,0,0,0,0,0,0,0,0,0,0,0
staticjscms,2023-02,0,0,0,0,1,1,1,2,3,1,0,1,2
python-socketio,2023-08,0,0,0,0,0,0,0,0,0,0,0,0,0
fireo,2023-08,0,0,0,0,0,0,0,0,0,0,0,0,0
wechaty,2023-02,4,3,4,2,3,2,2,2,1,1,1,1,3
go-admin,2023-08,0,0,0,0,0,0,0,0,0,0,0,0,0
handycontrol,2023-02,1,1,1,1,1,1,1,1,1,1,2,0,0
kosson,2023-08,0,0,0,0,0,0,0,0,0,0,0,0,0
peerbit,2023-07,0,0,0,0,0,0,1,2,1,1,1,1,1
insurgo,2023-02,2,2,3,3,3,2,3,3,2,3,2,3,3
receiptmanager,2023-08,0,0,0,0,0,0,0,0,0,0,0,0,0
abotv12,2023-08,0,0,0,0,0,0,0,0,0,0,0,0,0
gapstyle,2023-04,0,0,0,0,0,0,1,0,0,0,0,0,0
styled-components,2023-02,20,18,19,17,16,16,15,15,14,14,14,14,12
pacstall,2023-08,0,0,0,0,0,0,0,0,0,0,0,0,0
terraforge3d,2023-08,0,0,0,0,0,0,0,0,0,0,0,0,0
getwidget,2023-08,0,0,0,0,0,0,0,0,0,0,0,0,0
hylo,2023-02,4,2,4,5,6,11,10,9,13,13,14,13,13
dioxus-labs,2023-02,5,5,3,4,4,4,2,4,5,4,3,4,5
spotube,2023-02,0,5,7,3,3,3,4,4,5,2,2,6,5
microcks,2023-11,0,0,0,0,0,0,1,0,0,0,0,0,0
servo,2024-02,0,0,0,0,0,0,3,26,20,30,60,79,86
mui-org,2023-02,65,62,60,62,62,57,53,52,50,47,48,44,42
iptv-org,2023-02,3,1,2,2,3,3,3,5,7,4,6,4,4
tauri,2023-02,64,50,54,56,55,57,54,53,49,47,45,45,46
discord4j,2023-03,1,1,1,1,1,0,1,2,1,0,1,2,1
nuxtjs,2023-02,51,42,44,44,49,39,36,37,34,32,34,30,31
applied-knowledge-systems,2023-08,0,0,0,0,0,0,0,0,0,0,0,0,0
containerlabs,2023-08,0,0,0,0,0,0,0,0,0,0,0,0,0
windicss,2023-02,4,3,3,4,3,4,3,2,3,2,0,0,0
thelounge,2023-02,2,2,2,2,2,1,1,1,1,1,1,1,1
crossover,2023-08,0,0,0,0,0,0,0,0,0,0,0,0,0
apiflask,2023-12,0,0,0,0,0,0,1,1,1,1,1,2,1
chatify,2023-08,0,0,0,0,0,0,0,0,0,0,0,0,0
http-downloader,2023-08,0,0,0,0,0,0,0,0,0,0,0,0,0
wukong-robot,2023-08,0,0,0,0,0,0,0,0,0,0,0,0,0
dialect,2023-12,0,0,0,0,0,0,1,0,1,1,1,1,1
ponyc,2023-02,18,18,17,19,17,17,15,17,17,15,14,15,17
hemulgm,2023-03,0,0,0,0,0,0,1,0,0,0,0,0,0
readarr,2023-02,10,11,12,11,14,15,12,12,10,11,11,13,13
geostyler,2023-05,0,0,0,0,0,0,1,1,0,1,1,1,1
pre-commit,2023-02,2,2,2,2,5,3,4,4,5,3,3,4,3
nakama,2023-08,0,0,0,0,0,0,0,0,0,0,0,0,0
external-secrets-org,2023-02,2,4,3,4,5,5,3,4,3,4,3,3,3
srain,2023-05,0,0,0,0,0,0,1,0,0,0,0,0,0
milligram,2023-08,0,0,0,0,0,0,0,0,0,0,0,0,0
idocs,2024-02,0,0,0,0,0,0,1,0,0,0,0,0,0
jbot,2023-08,0,0,0,0,0,0,0,0,0,0,0,0,0
elm-tooling,2023-02,6,6,6,6,6,4,3,4,4,4,4,4,4
tag-picker,2023-08,0,0,0,0,0,0,0,0,0,0,0,0,0
gatsby-plugin-typegen,2023-08,0,0,0,0,0,0,0,0,0,0,0,0,0
radarr,2023-02,103,98,102,98,103,102,101,101,104,106,103,108,107
open-web-calendar,2023-03,0,0,0,0,0,0,1,0,1,0,0,0,0
effector,2023-02,5,4,4,6,4,6,6,6,7,6,5,6,5
openknx-collective,2023-08,0,0,0,0,0,0,0,0,0,0,0,0,0
dokploy,2023-08,0,0,0,0,0,0,0,0,0,0,0,0,0
nanui,2023-10,0,0,0,0,0,0,2,0,0,0,0,0,0
actionshub,2023-05,0,0,0,0,0,0,1,1,1,1,1,1,1
osjs,2023-08,0,0,0,0,0,0,0,0,0,0,0,0,0
yew,2023-02,13,14,14,10,10,9,9,8,8,11,10,8,8
vsformat,2023-02,1,1,1,1,1,1,1,1,1,1,1,1,1
termux-pacman,2023-11,0,0,0,0,0,0,1,0,0,0,2,0,0
britechartsorg,2023-08,0,0,0,0,0,0,0,0,0,0,0,0,0
redmodding,2023-02,1,1,1,1,1,1,1,0,0,0,0,0,0
metro4,2023-08,0,0,0,0,0,0,0,0,0,0,0,0,0
hydro-sdk,2023-08,0,0,0,0,0,0,0,0,0,0,0,0,0
sinanaydogan,2023-08,0,0,0,0,0,0,0,0,0,0,0,0,0
platypus,2023-02,1,1,1,1,1,1,1,1,1,1,1,1,1
cotowali,2023-02,5,6,7,7,8,7,8,8,8,7,7,7,7
mobx,2023-02,37,39,38,41,37,38,36,36,35,34,36,34,32
prismarinejs,2023-03,1,1,1,2,1,0,1,2,1,0,1,2,2
faisalsayed10,2023-08,0,0,0,0,0,0,0,0,0,0,0,0,0
sindresorhus,2023-02,13,12,13,13,16,15,15,16,14,16,15,16,15
lfortran,2023-02,4,3,6,5,7,4,3,4,3,3,5,4,4
phenomic,2023-08,0,0,0,0,0,0,0,0,0,0,0,0,0
saleor-marketplace,2023-08,0,0,0,0,0,0,0,0,0,0,0,0,0
dress,2023-08,0,0,0,0,0,0,0,0,0,0,0,0,0
il-libro-open-source,2023-10,0,0,0,0,0,0,7,2,1,2,1,1,1
cusdis,2023-02,3,4,2,2,2,2,1,1,1,3,1,2,1
sygil_dev,2023-08,0,0,0,0,0,0,0,0,0,0,0,0,0
weg-li,2023-02,12,14,12,40,13,17,13,15,16,14,15,16,16
asyncomplete,2023-08,0,0,0,0,0,0,0,0,0,0,0,0,0
spinalhdl,2023-02,2,3,4,4,5,6,5,6,7,7,5,5,5
charts,2023-02,2,1,1,1,1,1,1,1,1,0,0,0,0
neorg,2024-01,0,0,0,0,0,0,1,0,0,0,0,0,0
git-secret,2023-02,1,1,1,1,1,1,1,2,1,1,1,3,1
wemake-python-styleguide,2023-08,0,0,0,0,0,0,1,0,0,0,0,0,0
gitpkg,2023-08,0,0,0,0,0,0,0,0,0,0,0,0,0
gulpjs,2023-02,14,12,11,10,11,10,9,10,11,10,10,9,8
asyncapi,2023-02,9,8,13,8,10,9,8,9,11,9,9,10,13
bundlesize,2023-08,0,0,0,0,0,0,0,0,0,0,0,0,0
mongock,2023-08,0,0,0,0,0,0,0,0,0,0,0,0,0
hpy,2023-08,0,0,0,0,0,0,0,0,0,0,0,0,0
pseudotv-live,2023-03,0,0,0,0,0,0,1,1,0,0,0,0,0
svgr,2023-02,7,6,6,6,6,5,5,5,4,5,3,3,3
jspm,2023-02,3,4,3,3,3,3,3,2,2,2,2,1,1
simplelogin,2023-02,4,3,2,2,2,3,2,2,1,3,2,2,1
csstools,2023-02,0,0,0,0,0,0,2,0,2,2,1,2,4
h5-dooring,2023-08,0,0,0,0,0,0,0,0,0,0,0,0,0
lvgl,2023-02,6,5,4,6,4,7,7,7,6,5,5,6,5
grida,2023-08,0,0,0,0,0,0,0,0,0,0,0,0,0
organicmaps,2023-12,0,0,0,0,0,0,5,9,6,9,13,14,16
html-webpack-plugin,2023-02,5,5,4,4,3,1,1,1,1,1,2,1,1
jovo-framework,2023-02,17,17,16,15,15,15,14,14,13,12,12,11,11
pitchblackrecovery,2023-04,0,0,0,0,0,0,1,0,0,0,0,0,0
yox,2023-08,0,0,0,0,0,0,0,0,0,0,0,0,0
project-error,2023-03,0,1,1,1,1,0,3,1,1,0,0,0,0
react-date-picker,2023-08,0,0,0,0,0,0,0,0,0,0,0,0,0
actual,2023-06,0,0,0,0,0,0,2,4,2,5,9,15,13
moveable,2023-02,7,6,6,6,5,4,4,4,4,4,5,4,4
pion-ion,2023-08,0,0,0,0,0,0,0,0,0,0,0,0,0
express-cassandra,2023-02,1,1,1,1,1,1,1,1,1,1,0,0,0
quickviewer,2023-08,0,0,0,0,0,0,0,0,0,0,0,0,0
bot-whatsapp,2023-02,0,0,0,0,0,18,18,7,2,2,0,1,0
node-escpos,2023-08,0,0,0,0,0,0,0,0,0,0,0,0,0
redux-devtools-extension,2023-02,15,13,13,14,13,13,12,11,14,11,12,12,10
config,2023-08,0,0,0,0,0,0,0,0,0,0,0,0,0
elysia-cqrs,2023-08,0,0,0,0,0,0,0,0,0,0,0,0,0
aflpluspluseu,2024-02,0,0,0,0,0,0,1,0,0,0,1,0,0
wolvic,2023-02,0,0,3,3,6,5,7,7,8,8,8,8,9
jpa-support,2023-08,0,0,0,0,0,0,0,0,0,0,0,0,0
fre,2023-02,1,1,1,1,1,1,1,1,1,1,0,0,0
axmol,2024-01,0,0,0,0,0,0,2,1,1,4,3,2,2
vue-tables-2,2023-08,0,0,0,0,0,0,0,0,0,0,0,0,0
odoo-saas,2023-08,0,0,0,0,0,0,0,0,0,0,0,0,0
loadable,2023-08,0,0,0,0,0,0,0,0,0,0,0,0,0
mathesar,2023-03,0,0,0,0,0,0,1,3,1,0,1,2,1
terser,2023-02,3,3,4,4,3,3,3,3,4,3,6,3,6
clevergo,2023-08,0,0,0,0,0,0,0,0,0,0,0,0,0
atri,2023-08,0,0,0,0,0,0,0,0,0,0,0,0,0
holoviz,2023-06,0,0,0,0,0,0,1,0,0,0,0,1,0
casljs,2023-02,1,1,1,1,1,0,1,1,1,1,1,2,1
nannou,2023-02,7,7,8,7,8,6,6,6,6,5,5,5,5
resonate,2023-02,11,9,10,6,10,9,7,7,8,6,6,5,4
ionic-selectable,2023-08,0,0,0,0,0,0,0,0,0,0,0,0,0
react-reactive-form,2023-08,0,0,0,0,0,0,0,0,0,0,0,0,0
nerves-project,2023-02,45,44,40,41,41,42,40,41,38,39,37,38,34
simplex-chat,2023-02,13,16,13,9,10,10,13,10,12,9,10,9,10
mockk,2023-02,2,3,3,3,3,3,3,3,3,2,2,2,2
berrynet,2023-08,0,0,0,0,0,0,0,0,0,0,0,0,0
layui,2023-08,0,0,0,0,0,0,0,0,0,0,0,0,0
openapi_generator,2023-02,18,14,16,13,15,16,18,26,18,16,18,21,20
secure-headers,2023-08,0,0,0,0,0,0,0,0,0,0,0,0,0
docker-debug,2023-08,0,0,0,0,0,0,0,0,0,0,0,0,0
refactorfirst,2023-08,0,0,0,0,0,0,0,0,0,0,0,0,0
xmake,2023-02,6,4,5,4,4,4,5,4,4,5,5,5,7
bowphp,2023-08,0,0,0,0,0,0,0,0,0,0,0,0,0
komiser,2023-08,0,0,0,0,0,0,0,0,0,0,0,0,0
dbt-athena,2023-11,0,0,0,0,0,0,2,0,0,0,0,0,0
vue-gallery,2023-08,0,0,0,0,0,0,0,0,0,0,0,0,0
dahliaos,2023-02,3,2,1,2,1,0,2,3,1,2,5,1,1
kumbiaphp,2023-02,3,3,3,3,3,3,3,3,3,3,3,3,3
tresjs,2023-08,0,0,0,0,0,0,0,0,0,0,0,0,0
flutter_easy_localization,2023-08,0,0,0,0,0,0,0,0,0,0,0,0,0
react-easy-edit,2023-08,0,0,0,0,0,0,0,0,0,0,0,0,0
cecil,2023-08,0,0,0,0,0,0,0,0,0,0,0,0,0
matomo-analytics,2023-02,3,3,4,2,3,3,2,2,3,1,1,1,1
lthn,2023-03,0,0,0,0,0,0,1,2,1,0,1,0,0
npkill,2023-03,0,0,0,0,0,0,1,1,1,0,0,0,0
aravis-project,2023-03,0,0,1,0,0,0,1,0,0,0,1,0,0
chakra-ui-autocomplete,2023-08,0,0,0,0,0,0,0,0,0,0,0,0,0
rete,2023-02,0,0,0,0,1,1,1,1,2,1,1,1,1
merveilles,2023-02,1,1,1,6,1,2,2,9,6,4,5,5,6
weex-ui,2023-08,0,0,0,0,0,0,0,0,0,0,0,0,0
hiddify,2023-02,0,0,0,0,0,0,2,4,7,14,6,3,2
aosc,2023-08,0,0,0,0,0,0,2,1,1,0,0,0,0
phonevr,2024-02,0,0,0,0,0,0,1,1,0,0,0,0,0
mongodb-memory-server,2023-06,0,0,0,0,0,0,1,0,1,0,0,0,0
libreav,2023-02,0,0,0,2,0,0,1,0,1,0,1,0,0
hexo-theme-stun,2023-08,0,0,0,0,0,0,0,0,0,0,0,0,0
blazor-school-docs,2023-02,0,0,0,1,0,1,3,3,2,1,1,1,2
open-web-docs,2023-02,53,55,53,58,55,54,50,49,46,44,49,47,50
anonydog,2023-08,0,0,0,0,0,0,0,0,0,0,0,0,0
bookwyrm,2023-02,5,5,5,12,13,12,13,12,16,12,11,12,10
hypha,2023-08,0,0,0,0,0,0,0,0,0,0,0,0,0
emmet,2023-02,53,55,47,49,52,53,50,56,60,55,53,54,51
veloren,2023-02,44,47,38,36,40,38,43,46,40,48,41,38,37
gin-vue-admin,2023-11,0,0,0,0,0,0,1,1,1,1,1,1,1
switchblade,2023-08,0,0,0,0,0,0,0,0,0,0,0,0,0
villain,2023-08,0,0,0,0,0,0,0,0,0,0,0,0,0
libspng,2023-08,0,0,0,0,0,0,0,0,0,0,0,0,0
jira-trigger-plugin,2023-08,0,0,0,0,0,0,0,0,0,0,0,0,0
atom-chlorine,2023-08,0,0,0,0,0,0,0,0,0,0,0,0,0
react-md,2023-02,1,1,1,1,1,1,1,1,1,1,1,1,1
discordbm,2023-08,0,0,0,0,0,0,0,0,0,0,0,0,0
amberelec,2023-02,9,8,8,9,8,8,8,6,6,6,6,6,6
swup,2023-10,0,0,0,0,0,0,1,0,0,1,0,0,0
numldesign,2023-08,0,0,0,0,0,0,0,0,0,0,0,0,0
apollo-elements,2023-03,0,0,0,0,0,0,1,0,0,0,0,0,0
qtscrcpy,2023-05,0,0,0,0,0,0,1,0,0,0,0,0,0
logchimp,2023-08,0,0,0,0,0,0,0,0,0,0,0,0,0
tabby,2023-02,3,2,2,2,2,3,3,2,3,1,2,2,2
dbatools,2023-02,1,1,1,1,1,1,1,1,1,1,1,1,1
carroted,2023-11,0,0,0,0,0,0,1,0,0,0,0,0,0
discordhooks,2023-03,0,0,0,0,0,0,1,0,0,0,0,0,0
goreleaser,2023-02,18,18,16,16,15,13,12,13,13,13,13,13,12
mindwork-ai,2023-08,0,0,0,0,0,0,0,0,0,0,0,0,0
react-cool-form,2023-08,0,0,0,0,0,0,0,0,0,0,0,0,0
open_stt,2023-07,0,0,0,0,0,0,1,0,0,0,0,0,0
ctlos,2023-08,0,0,0,0,0,0,0,0,0,0,0,0,0
pybamm,2023-12,0,0,0,0,0,0,1,1,1,2,1,2,0
github-trending-api,2023-08,0,0,0,0,0,0,0,0,0,0,0,0,0
julialang,2023-02,4,4,6,4,4,5,1,7,1,1,0,0,0
salvo,2023-03,0,0,0,0,0,0,1,1,0,0,0,0,0
hadronepoch,2023-08,0,0,0,0,0,0,0,0,0,0,0,0,0
bloc,2023-02,1,1,1,1,1,1,1,1,1,1,1,1,2
vue-gl,2023-08,0,0,0,0,0,0,0,0,0,0,0,0,0
climatemind,2023-02,0,0,0,0,4,1,2,2,2,2,2,2,2
portal-2-community-edition,2023-02,2,7,2,5,5,3,3,7,3,4,3,3,3
frontmatter,2023-02,0,1,1,1,4,2,2,2,2,2,2,2,2
asteroidos,2023-02,3,3,3,2,1,4,4,3,3,5,4,3,6
curl,2023-02,64,52,53,54,61,53,46,60,54,53,50,51,52
stacer,2024-02,0,0,0,0,0,0,1,0,0,0,0,0,0
gltfforue4,2023-08,0,0,0,0,0,0,0,0,0,0,0,0,0
react-native-elements,2023-02,8,7,6,5,4,3,3,4,5,4,3,4,5
nestdotland,2023-08,0,0,0,0,0,0,0,0,0,0,0,0,0
video-to-ascii,2023-08,0,0,0,0,0,0,0,0,0,0,0,0,0
ngx-scrollbar,2023-08,0,0,0,0,0,0,0,0,0,0,0,0,0
net-dynamic-api,2023-08,0,0,0,0,0,0,0,0,0,0,0,0,0
reinforcementlearningjl,2023-08,0,0,0,0,0,0,0,0,0,0,0,0,0
sveltevietnam,2023-11,0,0,0,0,0,0,1,1,1,1,1,2,1
ohmyzsh,2023-02,12,12,12,12,15,11,9,11,11,10,11,9,11
purpurmc,2023-02,6,4,4,3,5,5,2,3,9,4,2,3,4
bismuth,2023-02,2,2,4,2,2,1,1,0,0,0,0,0,0
libreelec,2023-02,14,13,14,14,22,28,22,25,22,16,16,18,15
jellybook,2023-08,0,0,0,0,0,0,0,0,0,0,0,0,0
blazorbootstrap,2023-08,0,0,0,0,0,0,0,0,0,0,0,0,0
yiier,2023-08,0,0,0,0,0,0,0,0,0,0,0,0,0
kavita,2023-02,6,9,10,10,10,11,11,10,11,12,13,17,15
testing-library,2023-08,0,0,0,0,0,0,0,0,0,0,0,0,0
heti,2023-07,0,0,0,0,0,0,1,2,1,0,0,0,0
brainsatplay,2023-08,0,0,0,0,0,0,0,0,0,0,0,0,0
lint-staged,2023-02,10,10,10,9,8,8,8,9,6,7,6,5,6
hatsh,2023-06,0,0,0,0,0,0,1,0,0,0,0,1,0
boring_generators,2023-08,0,0,0,0,0,0,0,0,0,0,0,0,0
ramda-adjunct,2023-08,0,0,0,0,0,0,0,0,0,0,0,0,0
statoscope,2023-03,1,1,2,1,1,0,1,2,1,0,1,2,0
dotenv-linter,2023-08,0,0,0,0,0,0,0,0,0,0,0,0,0
vite-plugin-rsw,2023-08,0,0,0,0,0,0,0,0,0,0,0,0,0
bitmagnet,2023-08,0,0,0,0,0,0,0,0,0,0,0,0,0
opennbs,2023-12,0,0,0,0,0,0,1,5,2,2,2,2,2
oxc,2023-08,0,0,0,0,0,0,0,0,0,0,0,0,0
pnpm,2023-02,26,27,20,23,22,21,19,26,30,23,24,25,27
codesandbox,2023-02,1,1,1,1,1,1,2,1,1,1,1,1,1
nextjs-toploader,2023-08,0,0,0,0,0,0,0,0,0,0,0,0,0
postcss,2023-02,14,14,16,16,15,14,17,12,13,12,15,14,16
github-profile-readme-generator,2023-08,0,0,0,0,0,0,0,0,0,0,0,0,0
assistantnms,2023-08,0,0,0,0,0,0,0,0,0,0,0,0,0
nanoframework,2023-02,11,10,10,10,11,7,7,9,9,7,6,7,9
react-cool-dimensions,2023-08,0,0,0,0,0,0,0,0,0,0,0,0,0
urduhack,2023-08,0,0,0,0,0,0,0,0,0,0,0,0,0
elodejs,2023-08,0,0,0,0,0,0,0,0,0,0,0,0,0
storybook,2023-02,50,47,47,43,41,42,40,42,39,39,41,38,35
traintastic,2023-08,0,0,0,0,0,0,0,0,0,0,0,0,0
docusaurus,2023-02,7,8,8,8,10,8,9,10,9,8,8,8,8
pintora,2023-08,0,0,0,0,0,0,0,0,0,0,0,0,0
flutter_stripe,2023-02,3,3,4,3,4,7,2,2,3,3,2,2,2
dowww,2023-08,0,0,0,0,0,0,0,0,0,0,0,0,0
oi-wiki,2023-08,0,0,0,0,0,0,0,0,0,0,0,0,0
meta-system-engine,2023-08,0,0,0,0,0,0,0,0,0,0,0,0,0
grapesjs,2023-02,20,15,12,12,17,13,14,16,14,17,13,18,19
freshos,2023-08,0,0,0,0,0,0,0,0,0,0,0,0,0
sailboatui,2023-08,0,0,0,0,0,0,0,0,0,0,0,0,0
coollabsio,2023-02,13,9,9,9,8,9,8,12,6,8,7,9,8
nvimdev,2023-08,0,0,0,0,0,0,1,0,0,2,0,0,0
phpfoundation,2023-02,563,545,538,631,559,553,539,521,515,519,505,494,488
appium,2023-08,0,0,0,0,0,0,0,0,0,0,0,0,0
openodroe,2023-04,2,0,0,0,0,0,2,1,0,1,0,0,0
charset,2023-08,0,0,0,0,0,0,0,0,0,0,0,0,0
dnscrypt,2023-02,6,6,6,7,6,5,4,5,5,5,6,6,6
pixapics,2023-08,0,0,0,0,0,0,0,0,0,0,0,0,0
envinfo,2023-08,0,0,0,0,0,0,0,0,0,0,0,0,0
tj-django,2023-08,0,0,0,0,0,0,0,0,0,0,0,0,0
sfztools,2023-02,2,3,3,3,3,2,2,2,2,2,2,2,2
discoveryjs,2023-08,0,0,0,0,0,0,0,0,0,0,0,0,0
python-social-auth,2023-08,0,0,0,0,0,0,0,0,0,0,0,0,0
tabler,2023-02,5,4,3,3,4,3,3,4,3,3,4,2,2
agroecology-map,2023-08,0,0,0,0,0,0,0,0,0,0,0,0,0
electerm,2023-09,0,0,0,0,0,0,1,0,2,0,1,0,0
notesnook,2023-08,0,0,0,0,0,0,1,0,0,1,0,2,2
consciousdigital,2023-04,0,0,0,0,0,0,1,0,0,0,0,0,0
revogrid,2023-02,1,0,1,0,1,1,1,1,1,1,1,1,1
matter,2023-08,0,0,0,0,0,0,0,0,0,0,0,0,0
infection,2023-03,1,1,1,1,1,0,1,2,1,0,1,2,1
waydroid,2023-02,1,2,2,2,3,4,5,4,3,3,3,4,3
preact,2023-02,27,24,23,23,23,24,21,23,24,21,24,20,19
fof,2024-01,0,0,0,0,0,0,1,0,0,0,0,0,0
feathers,2023-08,0,0,0,0,0,0,0,0,0,0,0,0,0
einsteinpy,2023-08,0,0,0,0,0,0,0,0,0,0,0,0,0
mswjs,2023-02,4,4,4,4,5,4,4,7,7,7,7,7,7
codeceptjs,2023-02,9,17,6,7,8,8,8,8,9,8,7,7,10
dry-python,2023-03,1,1,1,1,1,0,1,1,0,0,1,0,0
laravel-lang,2023-08,0,0,0,0,0,0,0,0,0,0,0,0,0
alosaur,2023-08,0,0,0,0,0,0,0,0,0,0,0,0,0
sketchize,2023-08,0,0,0,0,0,0,0,0,0,0,0,0,0
wexond,2023-08,0,0,0,0,0,0,0,0,0,0,0,0,0
poi,2023-02,7,6,6,7,4,4,5,4,5,3,5,4,4
react-awesome-query-builder,2023-09,0,0,0,0,0,0,2,0,0,0,0,0,0
open-set-go,2023-08,0,0,0,0,0,0,0,0,0,0,0,0,0
hartex,2023-09,0,0,0,0,0,0,1,0,0,0,0,0,0
surjithctly,2023-08,0,0,0,0,0,0,0,0,0,0,0,0,0
weapp-tailwindcss,2023-08,0,0,0,0,0,0,0,0,0,0,0,0,0
front-end-checklist,2023-08,0,0,0,0,0,0,0,0,0,0,0,0,0
keyshade,2023-08,0,0,0,0,0,0,0,0,0,0,0,0,0
dataproofer,2023-08,0,0,0,0,0,0,0,0,0,0,0,0,0
node-datachannel,2023-02,1,1,1,1,1,1,1,1,1,1,1,1,1
climbjios,2023-08,0,0,0,0,0,0,0,0,0,0,0,0,0
endoflife-date,2023-03,1,1,1,1,1,0,1,2,1,0,1,2,1
fakerjs,2023-02,9,8,8,7,5,5,6,6,5,5,5,5,5
cti_collector,2023-08,0,0,0,0,0,0,0,0,0,0,0,0,0
stateless-minds-collective,2023-08,0,0,0,0,0,0,0,0,0,0,0,0,0
assetkit,2023-08,0,0,0,0,0,0,0,0,0,0,0,0,0
js-org,2023-02,3,2,3,2,3,2,1,1,0,1,1,2,2
sequelize,2023-02,12,11,12,10,9,10,8,8,7,6,8,7,8
prest,2023-08,0,0,0,0,0,0,0,0,0,0,0,0,0
caroster,2023-02,1,1,3,1,2,1,2,1,1,2,1,1,1
mithriljs,2023-02,4,4,4,4,3,5,3,3,3,3,3,3,3
izihawa,2023-08,0,0,0,0,0,0,0,0,0,0,0,0,0
stc,2023-02,0,0,0,28,31,26,31,34,30,27,26,26,25
telega,2023-02,0,1,2,1,1,1,1,1,1,1,1,1,1
editorconfig,2023-08,0,0,0,0,0,0,0,0,0,0,0,0,0
shopyo,2023-08,0,0,0,0,0,0,0,0,0,0,0,0,0
cast-sh,2023-08,0,0,0,0,0,0,0,0,0,0,0,0,0
winboxjs,2023-08,0,0,0,0,0,0,1,0,0,0,0,0,0
aspect-build,2023-02,0,2,1,3,4,4,4,3,3,4,4,5,5
f3h,2023-08,0,0,0,0,0,0,0,0,0,0,0,0,0
openhv,2023-04,0,0,0,0,0,0,1,0,0,0,0,1,0
linux-wifi-hotspot,2023-02,0,0,0,0,0,0,1,0,0,0,0,0,1
grassmannjl,2023-08,0,0,0,0,0,0,0,0,0,0,0,0,0
zrythm,2023-02,2,1,2,1,3,3,1,3,4,3,3,3,5
archipelago-software,2023-02,0,0,1,1,1,1,1,1,1,1,1,1,0
ogma,2023-08,0,0,0,0,0,0,0,0,0,0,0,0,0
doc-detective,2023-08,0,0,0,0,0,0,0,0,0,0,0,0,0
chameleon-ultra-gui,2023-08,0,0,0,0,0,0,15,14,6,4,5,5,5
sopel,2023-03,1,1,1,2,1,0,1,0,0,0,0,0,1
activitywatch,2023-02,3,1,3,2,2,2,1,2,4,2,3,2,4
openwhyd,2023-02,2,2,2,2,2,2,2,2,1,1,1,1,1
ruffle,2023-02,43,29,30,29,31,31,30,30,30,31,29,33,31
endeavouros,2023-02,50,45,51,49,48,46,52,60,48,57,58,66,58
pixieditor,2023-03,0,0,0,0,0,0,2,1,1,1,1,1,1
gripmock,2023-08,0,0,0,0,0,0,0,0,0,0,0,0,0
quiltmc,2023-02,4,4,4,4,4,4,4,6,8,16,12,11,9
cupertino-pane,2023-05,0,0,0,0,0,0,2,0,0,0,0,0,0
openbenches,2023-03,0,4,0,2,0,0,1,0,0,0,6,1,3
pgtyped,2023-02,2,2,2,2,2,2,2,2,2,2,2,2,2
html-react-parser,2023-08,0,0,0,0,0,0,0,0,0,0,0,0,0
svgbob,2023-02,1,1,1,1,1,1,1,1,1,1,1,1,1
laraveldash,2023-08,0,0,0,0,0,0,0,0,0,0,0,0,0
hrea,2023-03,8,1,1,0,1,0,2,0,0,1,1,1,1
sgc,2023-08,0,0,0,0,0,0,0,0,0,0,0,0,0
openhd,2023-02,2,5,2,2,3,3,3,5,3,3,4,3,6
yorkie,2023-02,2,1,2,1,2,2,2,2,2,2,2,2,1
passwordless,2023-02,3,2,2,2,2,2,1,2,3,2,1,2,3
eslint-stylistic,2023-08,0,0,0,0,0,0,0,0,0,0,0,0,0
balmjs,2023-08,0,0,0,0,0,0,0,0,0,0,0,0,0
kaplay,2023-08,0,0,0,0,0,0,0,0,0,0,0,0,0
rn-keyboard-manager,2023-08,0,0,0,0,0,0,0,0,0,0,0,0,0
criticalmaps,2023-02,1,1,1,1,1,1,1,1,1,2,11,3,5
material-tailwind,2023-08,0,0,0,0,0,0,0,0,0,0,0,0,0
blacksky,2023-08,0,0,0,0,0,0,18,12,14,27,19,21,31
cider,2023-02,50,48,47,48,52,46,45,45,45,42,41,42,41
react-sortable-tree,2023-08,0,0,0,0,0,0,0,0,0,0,0,0,0
sustainoss,2023-02,0,0,0,0,0,0,2,1,1,0,1,0,0
authelia-sponsors,2023-02,7,5,5,6,8,5,4,7,6,5,6,6,7
libredirect,2023-02,0,0,0,0,2,1,1,1,2,1,2,3,3
flarum,2023-02,10,9,9,9,8,10,9,8,9,8,8,8,7
angolaosc,2023-08,0,0,0,0,0,0,0,0,0,0,0,0,0
opsdroid,2023-02,3,3,3,3,3,3,3,3,3,3,3,3,4
bazel-rules-authors-sig,2023-02,4,5,4,4,5,5,5,6,6,7,7,6,5
flatgeobuf,2023-08,0,0,0,0,0,0,0,0,0,0,0,0,0
jekyll-admin,2023-06,0,0,0,0,0,0,1,0,0,0,0,0,0
tesseractjs,2023-08,0,0,0,0,0,0,0,0,0,0,0,0,0
captainfact_io,2023-02,2,3,2,7,6,3,5,3,6,4,3,4,5
upterm,2023-08,0,0,0,0,0,0,0,0,0,0,0,0,0
blank-editor,2023-08,0,0,0,0,0,0,0,0,0,0,0,0,0
onearmy,2023-02,1,1,1,1,1,1,1,1,1,1,0,1,0
camelot,2023-03,0,0,0,1,0,0,2,0,0,0,0,1,0
castle-engine,2023-07,1,0,0,0,0,0,1,0,0,0,0,0,0
scoopinstaller,2023-02,2,2,5,3,3,4,2,3,6,4,3,4,5
aeria-org,2023-08,0,0,0,0,0,0,0,0,0,0,0,0,0
yarnpkg,2023-02,10,8,8,8,8,9,8,10,11,10,9,10,11
openchakra,2023-08,0,0,0,0,0,0,0,0,0,0,0,0,0
kstatemachine,2023-08,0,0,0,0,0,0,0,0,0,0,0,0,0
manjaro,2023-02,104,103,105,111,121,105,96,134,125,101,103,109,99
bootstrap-flask,2023-03,0,0,0,0,0,0,1,0,0,0,0,0,1
querylist,2023-08,0,0,0,0,0,0,0,0,0,0,0,0,0
catalyst-cooperative,2023-08,0,0,0,0,0,0,0,0,0,0,0,0,0
bevry,2023-11,0,0,0,0,0,0,1,0,0,0,0,0,0
gridjs,2023-02,1,0,1,0,1,1,1,1,0,0,0,1,0
bootstrap,2023-02,38,38,33,32,36,31,29,30,34,30,30,25,26
playform-cloud-collective,2023-08,0,0,0,0,0,0,0,0,0,0,0,0,0
auraui,2023-08,0,0,0,0,0,0,0,0,0,0,0,0,0
sup,2023-08,0,0,0,0,0,0,0,0,0,0,0,0,0
gbadev,2023-02,0,1,1,1,1,1,4,3,5,4,3,4,5
vignette,2023-03,1,1,2,2,1,0,1,2,1,0,1,2,1
allthingslinux,2023-08,0,0,0,0,0,0,0,0,0,0,0,0,0
catppuccin,2023-02,3,12,5,11,9,17,9,14,14,9,8,10,12
mixcore,2023-08,0,0,0,0,0,0,0,0,0,0,0,0,0
headcrab,2023-08,0,0,0,0,0,0,0,0,0,0,0,0,0
musish,2023-08,0,0,0,0,0,0,0,0,0,0,0,0,0
robyn_oss,2023-08,0,0,0,0,0,0,0,0,0,0,0,0,0
larecipe,2023-08,0,0,0,0,0,0,0,0,0,0,0,0,0
hievents,2023-08,0,0,0,0,0,0,0,0,0,0,0,0,0
fullstackhero,2023-03,0,1,0,0,0,0,1,2,2,2,4,3,4
sequel-ace,2023-02,2,2,2,5,1,3,4,3,2,3,2,2,4
pwa-asset-generator,2023-08,0,0,0,0,0,0,0,0,0,0,0,0,0
kalm,2023-08,0,0,0,0,0,0,0,0,0,0,0,0,0
softmaple,2023-08,0,0,0,0,0,0,0,0,0,0,0,0,0
techqueria,2023-07,0,0,0,0,0,0,2,1,1,2,0,2,1
mango,2023-08,0,0,0,0,0,0,0,0,0,0,0,0,0
hass-miwifi,2023-08,0,0,0,0,0,0,0,0,0,0,0,0,0
advancedfx,2023-02,3,2,2,2,2,2,3,2,1,2,1,1,3
magnify,2023-08,0,0,0,0,0,0,0,0,0,0,0,0,0
git-quick-stats,2023-08,0,0,0,0,0,0,0,0,0,0,0,0,0
twind,2023-02,4,3,3,4,2,2,1,2,3,2,1,2,3
nix-macos,2023-02,18,18,16,16,20,22,20,22,21,21,22,23,23
material-table,2023-08,0,0,0,0,0,0,0,0,0,0,0,0,0
distribute-aid-usa,2023-02,3,3,8,7,4,1,1,4,3,8,2,2,10
orangopus,2023-08,0,0,0,0,0,0,0,0,0,0,0,0,0
localstorage-slim,2023-08,0,0,0,0,0,0,0,0,0,0,0,0,0
hyperhtml,2023-02,2,2,2,1,1,1,1,1,1,1,1,1,1
limarka,2023-08,0,0,0,0,0,0,0,0,0,0,0,0,0
maplat,2023-02,1,1,1,2,1,1,1,1,1,1,5,1,1
codeharborhub,2023-08,0,0,0,0,0,0,0,0,0,0,0,0,0
android-file-chooser,2023-08,0,0,0,0,0,0,0,0,0,0,0,0,0
commonknowledge,2023-02,2,1,4,5,4,3,3,3,3,3,3,3,3
rubocop,2023-02,30,30,30,28,29,27,24,23,23,22,21,20,19
drawingbots-community,2023-08,0,0,0,0,0,0,0,0,0,0,0,0,0
welsonjs,2023-08,0,0,0,0,0,0,0,0,0,0,0,0,0
devlopr-jekyll,2023-08,0,0,0,0,0,0,0,0,0,0,0,0,0
aiogram,2023-02,0,0,1,0,0,0,1,0,0,0,1,0,0
graphic,2023-08,0,0,0,0,0,0,0,0,0,0,0,0,0
astrodotbuild,2023-02,29,29,26,33,32,28,24,30,28,29,25,28,32
prettier,2023-02,65,62,65,66,66,62,63,65,62,63,64,64,63
xstate,2023-02,17,16,16,14,13,13,14,13,14,13,13,14,13
docsify,2023-02,8,8,7,6,5,5,4,5,5,5,5,5,5
revanced,2023-06,0,0,0,0,0,0,2,5,67,11,20,15,17
konva,2023-02,1,1,1,2,2,1,1,1,2,1,1,2,1
prismane,2023-08,0,0,0,0,0,0,0,0,0,0,0,0,0
universal-number-library,2023-08,0,0,0,0,0,0,0,0,0,0,0,0,0
panuongroup,2023-11,0,0,0,0,0,0,1,0,0,0,0,0,0
kornia,2023-02,5,4,3,3,4,3,3,3,3,3,3,3,3
vue-facing-decorator,2023-08,0,0,0,0,0,0,1,0,0,1,0,0,0
universal-router,2023-08,0,0,0,0,0,0,1,0,1,1,1,2,1
electrocrud,2023-08,0,0,0,0,0,0,0,0,0,0,0,0,0
peachcloud,2023-02,7,5,6,6,7,6,5,5,5,5,5,4,4
polymc,2023-08,0,0,0,0,0,0,0,0,0,0,0,0,0
vuetify,2023-02,49,45,44,44,45,48,45,46,43,45,42,42,42
excel-parser-processor,2023-08,0,0,0,0,0,0,0,0,0,0,0,0,0
mllaunchpad,2023-08,0,0,0,0,0,0,0,0,0,0,0,0,0
taro-hooks,2023-08,0,0,0,0,0,0,0,0,0,0,0,0,0
risg,2023-08,0,0,0,0,0,0,0,0,0,0,0,0,0
reactive-resume,2023-11,0,0,0,0,0,0,2,5,4,3,9,8,7
gotranspile,2023-08,0,0,0,0,0,0,0,0,0,0,0,0,0
cncnet,2023-02,0,0,0,0,0,10,9,11,8,7,5,10,10
awesome-web-styling,2023-08,0,0,0,0,0,0,0,0,0,0,0,0,0
mnfst,2023-08,0,0,0,0,0,0,0,0,0,0,0,0,0
publii,2023-02,15,15,15,14,12,13,13,12,18,15,14,17,14
miso,2023-02,1,1,1,1,1,1,1,1,1,1,1,1,1
statusfy,2023-08,0,0,0,0,0,0,0,0,0,0,0,0,0
droidian,2024-02,0,0,0,0,0,0,1,0,0,2,0,0,0
mumuki,2023-04,0,0,0,0,0,0,1,0,0,0,0,0,0
gotosocial,2023-02,12,13,10,49,29,33,28,35,29,28,28,37,36
ionide,2023-02,69,67,66,66,64,61,61,58,59,58,57,55,54
unified,2023-02,18,18,18,14,14,14,11,13,12,12,13,11,13
analysis-tools,2023-02,5,4,4,4,4,4,3,3,4,3,2,3,4
docksal,2023-03,1,1,1,1,1,0,1,2,1,0,1,2,1
data-umbrella,2023-02,6,1,5,3,3,2,1,6,1,3,2,1,2
verdaccio,2023-02,13,12,9,7,8,8,7,8,7,6,3,3,4
heim-rs,2023-08,0,0,0,0,0,0,0,0,0,0,0,0,0
iconify,2023-08,0,0,0,0,0,0,0,0,0,0,0,0,0
hyphenopoly,2023-08,0,0,0,0,0,0,0,0,0,0,0,0,0
serilog-exceptions,2023-04,0,0,0,0,0,0,1,0,0,0,0,0,0
celery,2023-02,17,12,12,11,12,12,11,15,14,13,12,11,11
abhijithvijayan,2023-08,0,0,0,0,0,0,0,0,0,0,0,0,0
caiofaar,2023-08,0,0,0,0,0,0,0,0,0,0,0,0,0
dotnet-boxed,2023-08,0,0,0,0,0,0,0,0,0,0,0,0,0
genshinmap,2023-08,0,0,0,0,0,0,0,0,0,0,0,0,0
s5s,2023-02,3,3,3,3,3,3,3,3,3,3,3,4,3
moduleart,2024-02,0,0,0,0,0,0,1,0,1,0,0,0,0
literateink,2023-08,0,0,0,0,0,0,0,0,0,0,0,0,0
eiblog,2023-08,0,0,0,0,0,0,0,0,0,0,0,0,0
craftgen,2023-08,0,0,0,0,0,0,0,0,0,0,0,0,0
mirakurun,2023-02,6,7,7,7,8,9,8,8,7,7,7,9,7
the-fuse-lab,2023-03,0,0,0,0,1,0,2,4,1,1,1,1,1
code-settings-sync,2023-02,4,3,4,3,3,2,2,1,1,2,2,2,2
openclimatefix,2023-02,1,1,1,1,1,1,1,1,1,1,1,1,1
xmonad,2023-02,9,7,7,7,7,7,6,9,8,9,6,9,10
mvvmcross,2023-02,8,8,8,8,8,7,6,6,6,6,6,6,6
vue-ls,2023-08,0,0,0,0,0,0,0,0,0,0,0,0,0
colour-science,2023-02,6,6,7,6,6,8,7,6,6,5,5,5,5
vadimdemedes,2023-02,1,1,1,1,1,1,1,1,1,1,1,1,1
babel,2023-02,169,160,162,159,147,134,129,126,118,115,111,101,100
fpvout,2023-02,1,1,1,2,1,1,1,2,2,1,1,1,1
autoai,2023-08,0,0,0,0,0,0,0,0,0,0,0,0,0
react-jsonschema-form,2023-02,0,2,1,2,1,1,2,2,2,2,2,2,2
hemera,2023-08,0,0,0,0,0,0,0,0,0,0,0,0,0
newtonsoftjson-for-unity,2023-08,0,0,0,0,0,0,0,0,0,0,0,0,0
cheatsheet,2023-08,0,0,0,0,0,0,0,0,0,0,0,0,0
seanpm2001,2023-08,0,0,0,0,0,0,0,0,0,0,0,0,0
cssnano,2023-02,3,3,4,4,4,2,2,3,2,2,3,2,1
premake,2023-02,8,8,8,8,8,8,7,7,7,7,7,7,7
grav,2023-02,26,24,25,22,23,22,23,21,18,18,19,17,15
react-awesome-reveal,2023-08,0,0,0,0,0,0,0,0,0,0,0,0,0
vite-electron-builder,2023-08,0,0,0,0,0,0,0,0,0,0,0,0,0
alova,2023-08,0,0,0,0,0,0,0,0,0,0,0,0,0
pest,2023-03,0,3,1,1,1,0,1,2,1,0,1,2,1
macos-alerter,2023-08,0,0,0,0,0,0,0,0,0,0,0,0,0
use-between,2023-08,0,0,0,0,0,0,0,0,0,0,0,0,0
casualos,2023-08,0,0,0,0,0,0,0,0,0,0,0,0,0
vue-at,2023-08,0,0,0,0,0,0,0,0,0,0,0,0,0
mystory,2023-08,0,0,0,0,0,0,0,0,0,0,0,0,0
lloyd-atkinson-open-collective,2023-08,0,0,0,0,0,0,0,0,0,0,0,0,0
flysystem-qcloud-cos-v5,2023-08,0,0,0,0,0,0,0,0,0,0,0,0,0
javascript-obfuscator,2023-02,1,1,1,1,1,1,1,1,1,2,1,4,2
anndatar,2023-08,0,0,0,0,0,0,0,0,0,0,0,0,0
assemblyscript,2023-02,22,22,21,21,22,19,19,21,21,22,28,23,26
tidalcycles,2023-02,21,25,23,24,31,27,28,27,28,29,26,25,22
privacyguides,2023-02,14,9,11,7,10,9,5,6,6,5,8,7,9
kitx,2023-08,0,0,0,0,0,0,0,0,0,0,0,0,0
multihead-siamese-nets,2023-08,0,0,0,0,0,0,0,0,0,0,0,0,0
stylis,2023-02,1,1,1,1,1,1,1,1,1,1,1,1,1
maz-ui,2023-08,0,0,0,0,0,0,0,0,0,0,0,0,0
static-haskell-nix,2023-02,2,2,1,1,1,1,1,1,1,1,1,0,0
nextacular,2023-02,2,2,2,2,1,2,2,3,1,1,1,1,1
fast-check,2023-02,0,0,0,0,1,1,1,1,1,1,1,1,1
jenssegers-blade,2023-08,0,0,0,0,0,0,0,0,0,0,0,0,0
notistack,2023-02,2,2,2,2,2,2,1,1,1,1,1,2,1
muhammadfiaz,2023-08,0,0,0,0,0,0,0,0,0,0,0,0,0
livetl,2023-02,12,9,10,8,11,9,6,7,8,6,5,6,6
spyder,2023-02,44,48,47,46,49,39,28,34,24,27,30,32,33
parse-server,2023-02,25,23,23,22,24,22,21,22,23,22,22,21,22
sharppulsar,2023-08,0,0,0,0,0,0,0,0,0,0,0,0,0
sauron,2023-08,0,0,0,0,0,0,0,0,0,0,0,0,0
scribblelab,2023-08,0,0,0,0,0,0,0,0,0,0,0,0,0
numpy,2023-02,4,2,5,4,3,8,1,6,2,4,3,2,2
shirakumo,2023-08,0,0,0,0,0,0,0,0,0,0,0,0,0
sagernet,2023-02,2,2,1,2,1,3,1,2,2,1,2,1,2
puzzlescript,2023-08,0,0,0,0,0,0,0,0,0,0,0,0,0
digitomize,2023-08,0,0,0,0,0,0,0,0,0,0,0,0,0
sunrise-choir,2023-02,6,6,5,5,5,5,4,4,4,3,3,2,2
neoforged,2024-02,0,0,0,0,0,0,4,3,6,4,10,4,5
liquidjs,2023-02,5,5,6,5,5,4,4,4,4,4,4,4,3
necord,2023-07,0,0,0,0,0,0,1,0,0,0,0,0,0
denosaurs,2023-03,1,2,2,2,1,0,1,2,1,0,1,2,1
xplr,2023-02,1,1,1,1,1,1,1,1,1,1,1,1,1
yiisoft,2023-02,67,66,66,63,67,64,59,61,63,61,56,54,57
herotransitions,2023-08,0,0,0,0,0,0,0,0,0,0,0,0,0
eggjs,2023-08,0,0,0,0,0,0,0,0,0,0,0,0,0
roc-streaming,2024-01,0,0,0,0,0,0,1,0,0,1,0,0,0
fablabbcn,2023-08,0,0,0,0,0,0,0,0,0,0,0,0,0
maplibre,2023-02,5,6,5,8,6,5,5,5,8,6,8,6,7
php-soap,2023-02,0,0,3,0,1,1,1,1,1,1,1,2,2
react-native-image-picker,2023-08,0,0,0,0,0,0,0,0,0,0,0,0,0
tom-select,2023-02,1,1,2,2,2,2,1,1,1,1,2,1,2
react-hook-form,2023-02,14,12,13,14,17,14,14,18,17,16,15,15,13
reviewdog,2023-07,0,0,0,0,0,0,1,0,0,0,0,0,0
jira-cli,2023-02,4,3,3,3,2,2,1,3,2,1,2,2,2
dynamoid,2023-04,0,0,0,0,0,0,1,1,0,1,2,1,0
playframework,2023-02,82,87,94,106,121,116,112,124,108,112,119,130,135
luckysheet,2023-08,0,0,0,0,0,0,0,0,0,0,0,0,0
skriptlang,2023-08,0,0,0,0,0,0,2,1,2,4,1,3,2
rema,2024-02,0,0,0,0,0,0,2,1,1,1,1,1,1
cadsketcher,2023-02,97,86,90,95,93,87,91,91,94,85,91,86,87
webhook,2023-02,3,2,1,0,0,0,1,0,0,0,0,0,0
dots,2023-08,0,0,0,0,0,0,0,0,0,0,0,0,0
stylus,2023-02,0,0,1,1,0,1,1,2,4,3,2,3,4
motus,2023-08,0,0,0,0,0,0,0,0,0,0,0,0,0
voca,2023-09,0,0,0,0,0,0,4,3,3,6,2,2,2
leafletjs,2023-02,2,3,2,4,3,3,1,4,4,2,1,2,3
faction,2023-08,0,0,0,0,0,0,0,0,0,0,0,0,0
tabmerger,2023-08,0,0,0,0,0,0,0,0,0,0,0,0,0
linkwarden,2023-12,0,0,0,0,0,0,2,2,2,5,1,0,1
badaso,2023-02,2,2,2,2,2,2,2,2,2,2,2,1,1
gckit,2023-08,0,0,0,0,0,0,0,0,0,0,0,0,0
apollo-universal-starter-kit,2023-08,0,0,0,0,0,0,0,0,0,0,0,0,0
tusky,2023-02,15,15,19,182,81,59,61,52,57,54,53,70,70
fab,2023-02,2,2,2,2,2,2,2,2,2,2,2,0,0
hexo-abbrlink,2023-08,0,0,0,0,0,0,0,0,0,0,0,0,0
phpstan-drupal,2023-02,3,2,2,2,2,2,2,2,2,2,2,2,2
swc,2023-02,24,24,24,19,20,22,19,22,21,18,18,20,20
alins,2023-08,0,0,0,0,0,0,0,0,0,0,0,0,0
tera-arise,2023-10,0,0,0,0,0,0,1,1,2,3,1,2,4
chatwoot,2023-02,0,1,1,1,1,1,2,1,3,1,1,1,1
tbox,2023-02,0,0,0,1,0,1,1,1,1,1,1,1,1
master-co,2023-02,3,1,1,2,1,1,1,2,3,2,1,2,3
ant-design-vue,2023-02,2,3,3,4,3,2,3,3,2,2,2,2,2
devincept-donations,2023-08,0,0,0,0,0,0,0,0,0,0,0,0,0
alire,2023-03,0,0,0,1,0,0,1,0,0,0,0,0,0
coreui,2023-08,0,0,0,0,0,0,0,0,0,0,0,0,0
site-prism,2023-02,1,1,1,1,1,1,1,1,1,1,2,1,1
together-java,2023-02,0,0,0,0,8,1,2,2,2,2,2,2,3
news-android,2023-02,1,1,1,1,2,1,1,1,1,1,1,1,1
bpftrace,2023-08,0,0,0,0,0,0,0,0,0,0,0,0,0
use-web-animations,2023-08,0,0,0,0,0,0,0,0,0,0,0,0,0
1stg,2023-08,0,0,0,0,0,0,0,0,0,0,0,0,0
horizon_sim,2023-09,0,0,0,0,0,0,1,0,0,0,0,1,0
algorithm,2023-08,0,0,0,0,0,0,0,0,0,0,0,0,0
typeorm,2023-02,42,41,39,33,34,34,33,33,33,30,31,28,28
goimagehash,2023-08,0,0,0,0,0,0,0,0,0,0,0,0,0
nix-community,2023-02,0,0,0,0,0,0,2,1,4,8,9,11,10
vue-popper,2023-08,0,0,0,0,0,0,0,0,0,0,0,0,0
trex,2023-08,0,0,0,0,0,0,0,0,0,0,0,0,0
jotai,2023-02,2,2,1,1,1,1,1,1,1,1,1,1,1
icosa,2023-02,16,15,16,14,15,16,16,16,30,17,16,16,17
essentialsx,2023-02,2,1,1,1,1,1,1,1,2,1,0,1,2
greenshot,2023-06,0,0,0,0,0,0,1,0,1,0,0,0,2
linkace,2023-12,0,0,0,0,0,0,1,1,1,1,1,0,0
vueuse,2023-02,1,1,1,1,2,1,1,2,2,2,3,3,3
open-industry-project,2023-08,0,0,0,0,0,0,0,0,0,0,0,0,0
airform,2023-08,0,0,0,0,0,0,0,0,0,0,0,0,0
translation-plugin,2023-02,1,2,1,1,2,2,1,1,1,2,2,2,2
qidanta,2023-08,0,0,0,0,0,0,0,0,0,0,0,0,0
unocss,2023-05,0,0,0,0,0,0,3,0,1,2,1,0,2
yourls,2023-02,10,10,8,9,9,8,6,9,9,7,6,7,6
mudblazor,2023-02,16,17,17,17,16,15,16,16,15,16,15,17,14
vue-drag-resize,2023-08,0,0,0,0,0,0,0,0,0,0,0,0,0
kiwitcms,2023-08,0,0,0,0,0,0,0,0,0,0,0,0,0
owncast,2023-02,21,23,22,22,22,22,21,23,21,21,20,20,20
ragestudio,2023-08,0,0,0,0,0,0,0,0,0,0,0,0,0
lottie,2023-02,7,6,7,7,8,7,7,10,9,8,8,8,8
go-kratos,2023-03,1,1,1,1,1,0,1,2,1,0,1,2,1
react-uploady,2023-05,0,0,0,0,0,0,1,0,0,0,0,0,0
verso,2023-08,0,0,0,0,0,0,0,0,0,0,0,0,0
marktext,2023-02,3,2,2,3,3,4,5,3,5,3,4,3,4
cocnvim,2023-02,18,18,16,19,18,19,18,19,19,17,15,15,12
mystiq,2023-08,0,0,0,0,0,0,0,0,0,0,0,0,0
ciderapp,2023-02,20,18,28,98,110,138,70,104,60,97,72,48,22
react-native-iap,2023-02,5,4,5,4,3,3,3,2,1,1,1,2,2
surfacedd,2023-08,0,0,0,0,0,0,0,0,0,0,0,0,0
wobbly,2023-02,1,1,2,1,1,1,1,1,0,0,0,0,0
miracles,2023-08,0,0,0,0,0,0,0,0,0,0,0,0,0
